country,year,powertrain,coef,value,unit,provenance
AT,2011,Diesel and gasoline car,intensity_liquid,5.744344e-05,t/vkm,"FULFILL_MARIO REF_0_2011 (Golinucci et al. 2025, Apache 2.0); z sum over origin regions"
AT,2011,Full electric car,intensity_electricity,8.185288e-07,TJ/vkm,"FULFILL_MARIO REF_0_2011 (Golinucci et al. 2025, Apache 2.0); z sum over origin regions"
AT,2011,Hydrogen car,intensity_hydrogen,1.161482e-05,t/vkm,"FULFILL_MARIO REF_0_2011 (Golinucci et al. 2025, Apache 2.0); z sum over origin regions"
AT,2011,LPG car,intensity_lpg,5.485533e-05,t/vkm,"FULFILL_MARIO REF_0_2011 (Golinucci et al. 2025, Apache 2.0); z sum over origin regions"
AT,2011,Methane car,intensity_gas,3.545470e-05,t/vkm,"FULFILL_MARIO REF_0_2011 (Golinucci et al. 2025, Apache 2.0); z sum over origin regions"
BE,2011,Diesel and gasoline car,intensity_liquid,5.744344e-05,t/vkm,"FULFILL_MARIO REF_0_2011 (Golinucci et al. 2025, Apache 2.0); z sum over origin regions"
BE,2011,Full electric car,intensity_electricity,8.185288e-07,TJ/vkm,"FULFILL_MARIO REF_0_2011 (Golinucci et al. 2025, Apache 2.0); z sum over origin regions"
BE,2011,Hydrogen car,intensity_hydrogen,1.161482e-05,t/vkm,"FULFILL_MARIO REF_0_2011 (Golinucci et al. 2025, Apache 2.0); z sum over origin regions"
BE,2011,LPG car,intensity_lpg,5.485533e-05,t/vkm,"FULFILL_MARIO REF_0_2011 (Golinucci et al. 2025, Apache 2.0); z sum over origin regions"
BE,2011,Methane car,intensity_gas,3.545470e-05,t/vkm,"FULFILL_MARIO REF_0_2011 (Golinucci et al. 2025, Apache 2.0); z sum over origin regions"
BG,2011,Diesel and gasoline car,intensity_liquid,6.716955e-05,t/vkm,"FULFILL_MARIO REF_0_2011 (Golinucci et al. 2025, Apache 2.0); z sum over origin regions"
BG,2011,Full electric car,intensity_electricity,7.758089e-07,TJ/vkm,"FULFILL_MARIO REF_0_2011 (Golinucci et al. 2025, Apache 2.0); z sum over origin regions"
BG,2011,Hydrogen car,intensity_hydrogen,1.100795e-05,t/vkm,"FULFILL_MARIO REF_0_2011 (Golinucci et al. 2025, Apache 2.0); z sum over origin regions"
BG,2011,LPG car,intensity_lpg,6.414323e-05,t/vkm,"FULFILL_MARIO REF_0_2011 (Golinucci et al. 2025, Apache 2.0); z sum over origin regions"
BG,2011,Methane car,intensity_gas,4.077467e-05,t/vkm,"FULFILL_MARIO REF_0_2011 (Golinucci et al. 2025, Apache 2.0); z sum over origin regions"
CY,2011,Diesel and gasoline car,intensity_liquid,5.241668e-05,t/vkm,"FULFILL_MARIO REF_0_2011 (Golinucci et al. 2025, Apache 2.0); z sum over origin regions"
CY,2011,Full electric car,intensity_electricity,1.021876e-06,TJ/vkm,"FULFILL_MARIO REF_0_2011 (Golinucci et al. 2025, Apache 2.0); z sum over origin regions"
CY,2011,Hydrogen car,intensity_hydrogen,1.393453e-05,t/vkm,"FULFILL_MARIO REF_0_2011 (Golinucci et al. 2025, Apache 2.0); z sum over origin regions"
CY,2011,LPG car,intensity_lpg,1.001101e-04,t/vkm,"FULFILL_MARIO REF_0_2011 (Golinucci et al. 2025, Apache 2.0); z sum over origin regions"
CZ,2011,Diesel and gasoline car,intensity_liquid,6.716955e-05,t/vkm,"FULFILL_MARIO REF_0_2011 (Golinucci et al. 2025, Apache 2.0); z sum over origin regions"
CZ,2011,Full electric car,intensity_electricity,7.758089e-07,TJ/vkm,"FULFILL_MARIO REF_0_2011 (Golinucci et al. 2025, Apache 2.0); z sum over origin regions"
CZ,2011,Hydrogen car,intensity_hydrogen,1.100795e-05,t/vkm,"FULFILL_MARIO REF_0_2011 (Golinucci et al. 2025, Apache 2.0); z sum over origin regions"
CZ,2011,LPG car,intensity_lpg,6.414323e-05,t/vkm,"FULFILL_MARIO REF_0_2011 (Golinucci et al. 2025, Apache 2.0); z sum over origin regions"
CZ,2011,Methane car,intensity_gas,4.077467e-05,t/vkm,"FULFILL_MARIO REF_0_2011 (Golinucci et al. 2025, Apache 2.0); z sum over origin regions"
DE,2011,Diesel and gasoline car,intensity_liquid,5.744344e-05,t/vkm,"FULFILL_MARIO REF_0_2011 (Golinucci et al. 2025, Apache 2.0); z sum over origin regions"
DE,2011,Full electric car,intensity_electricity,8.185288e-07,TJ/vkm,"FULFILL_MARIO REF_0_2011 (Golinucci et al. 2025, Apache 2.0); z sum over origin regions"
DE,2011,Hydrogen car,intensity_hydrogen,1.161482e-05,t/vkm,"FULFILL_MARIO REF_0_2011 (Golinucci et al. 2025, Apache 2.0); z sum over origin regions"
DE,2011,LPG car,intensity_lpg,5.485533e-05,t/vkm,"FULFILL_MARIO REF_0_2011 (Golinucci et al. 2025, Apache 2.0); z sum over origin regions"
DE,2011,Methane car,intensity_gas,3.545470e-05,t/vkm,"FULFILL_MARIO REF_0_2011 (Golinucci et al. 2025, Apache 2.0); z sum over origin regions"
DK,2011,Diesel and gasoline car,intensity_liquid,5.913218e-05,t/vkm,"FULFILL_MARIO REF_0_2011 (Golinucci et al. 2025, Apache 2.0); z sum over origin regions"
DK,2011,Full electric car,intensity_electricity,6.420603e-07,TJ/vkm,"FULFILL_MARIO REF_0_2011 (Golinucci et al. 2025, Apache 2.0); z sum over origin regions"
DK,2011,Hydrogen car,intensity_hydrogen,1.451805e-05,t/vkm,"FULFILL_MARIO REF_0_2011 (Golinucci et al. 2025, Apache 2.0); z sum over origin regions"
DK,2011,LPG car,intensity_lpg,5.485795e-05,t/vkm,"FULFILL_MARIO REF_0_2011 (Golinucci et al. 2025, Apache 2.0); z sum over origin regions"
DK,2011,Methane car,intensity_gas,5.352759e-05,t/vkm,"FULFILL_MARIO REF_0_2011 (Golinucci et al. 2025, Apache 2.0); z sum over origin regions"
EE,2011,Diesel and gasoline car,intensity_liquid,5.241668e-05,t/vkm,"FULFILL_MARIO REF_0_2011 (Golinucci et al. 2025, Apache 2.0); z sum over origin regions"
EE,2011,Full electric car,intensity_electricity,1.021876e-06,TJ/vkm,"FULFILL_MARIO REF_0_2011 (Golinucci et al. 2025, Apache 2.0); z sum over origin regions"
EE,2011,Hydrogen car,intensity_hydrogen,1.393453e-05,t/vkm,"FULFILL_MARIO REF_0_2011 (Golinucci et al. 2025, Apache 2.0); z sum over origin regions"
EE,2011,LPG car,intensity_lpg,5.005505e-05,t/vkm,"FULFILL_MARIO REF_0_2011 (Golinucci et al. 2025, Apache 2.0); z sum over origin regions"
EE,2011,Methane car,intensity_gas,4.982042e-05,t/vkm,"FULFILL_MARIO REF_0_2011 (Golinucci et al. 2025, Apache 2.0); z sum over origin regions"
ES,2011,Diesel and gasoline car,intensity_liquid,5.241668e-05,t/vkm,"FULFILL_MARIO REF_0_2011 (Golinucci et al. 2025, Apache 2.0); z sum over origin regions"
ES,2011,Full electric car,intensity_electricity,1.021876e-06,TJ/vkm,"FULFILL_MARIO REF_0_2011 (Golinucci et al. 2025, Apache 2.0); z sum over origin regions"
ES,2011,Hydrogen car,intensity_hydrogen,1.393453e-05,t/vkm,"FULFILL_MARIO REF_0_2011 (Golinucci et al. 2025, Apache 2.0); z sum over origin regions"
ES,2011,LPG car,intensity_lpg,5.005505e-05,t/vkm,"FULFILL_MARIO REF_0_2011 (Golinucci et al. 2025, Apache 2.0); z sum over origin regions"
ES,2011,Methane car,intensity_gas,4.982042e-05,t/vkm,"FULFILL_MARIO REF_0_2011 (Golinucci et al. 2025, Apache 2.0); z sum over origin regions"
FI,2011,Diesel and gasoline car,intensity_liquid,5.744344e-05,t/vkm,"FULFILL_MARIO REF_0_2011 (Golinucci et al. 2025, Apache 2.0); z sum over origin regions"
FI,2011,Full electric car,intensity_electricity,8.185288e-07,TJ/vkm,"FULFILL_MARIO REF_0_2011 (Golinucci et al. 2025, Apache 2.0); z sum over origin regions"
FI,2011,Hydrogen car,intensity_hydrogen,1.161482e-05,t/vkm,"FULFILL_MARIO REF_0_2011 (Golinucci et al. 2025, Apache 2.0); z sum over origin regions"
FI,2011,LPG car,intensity_lpg,5.485533e-05,t/vkm,"FULFILL_MARIO REF_0_2011 (Golinucci et al. 2025, Apache 2.0); z sum over origin regions"
FI,2011,Methane car,intensity_gas,3.545470e-05,t/vkm,"FULFILL_MARIO REF_0_2011 (Golinucci et al. 2025, Apache 2.0); z sum over origin regions"
FR,2011,Diesel and gasoline car,intensity_liquid,5.241668e-05,t/vkm,"FULFILL_MARIO REF_0_2011 (Golinucci et al. 2025, Apache 2.0); z sum over origin regions"
FR,2011,Full electric car,intensity_electricity,1.021876e-06,TJ/vkm,"FULFILL_MARIO REF_0_2011 (Golinucci et al. 2025, Apache 2.0); z sum over origin regions"
FR,2011,Hydrogen car,intensity_hydrogen,1.393453e-05,t/vkm,"FULFILL_MARIO REF_0_2011 (Golinucci et al. 2025, Apache 2.0); z sum over origin regions"
FR,2011,LPG car,intensity_lpg,5.005505e-05,t/vkm,"FULFILL_MARIO REF_0_2011 (Golinucci et al. 2025, Apache 2.0); z sum over origin regions"
FR,2011,Methane car,intensity_gas,4.982042e-05,t/vkm,"FULFILL_MARIO REF_0_2011 (Golinucci et al. 2025, Apache 2.0); z sum over origin regions"
GR,2011,Diesel and gasoline car,intensity_liquid,6.716955e-05,t/vkm,"FULFILL_MARIO REF_0_2011 (Golinucci et al. 2025, Apache 2.0); z sum over origin regions"
GR,2011,Full electric car,intensity_electricity,7.758089e-07,TJ/vkm,"FULFILL_MARIO REF_0_2011 (Golinucci et al. 2025, Apache 2.0); z sum over origin regions"
GR,2011,Hydrogen car,intensity_hydrogen,1.100795e-05,t/vkm,"FULFILL_MARIO REF_0_2011 (Golinucci et al. 2025, Apache 2.0); z sum over origin regions"
GR,2011,LPG car,intensity_lpg,6.414323e-05,t/vkm,"FULFILL_MARIO REF_0_2011 (Golinucci et al. 2025, Apache 2.0); z sum over origin regions"
GR,2011,Methane car,intensity_gas,4.077467e-05,t/vkm,"FULFILL_MARIO REF_0_2011 (Golinucci et al. 2025, Apache 2.0); z sum over origin regions"
HR,2011,Diesel and gasoline car,intensity_liquid,6.716955e-05,t/vkm,"FULFILL_MARIO REF_0_2011 (Golinucci et al. 2025, Apache 2.0); z sum over origin regions"
HR,2011,Full electric car,intensity_electricity,7.758089e-07,TJ/vkm,"FULFILL_MARIO REF_0_2011 (Golinucci et al. 2025, Apache 2.0); z sum over origin regions"
HR,2011,Hydrogen car,intensity_hydrogen,1.100795e-05,t/vkm,"FULFILL_MARIO REF_0_2011 (Golinucci et al. 2025, Apache 2.0); z sum over origin regions"
HR,2011,LPG car,intensity_lpg,6.414323e-05,t/vkm,"FULFILL_MARIO REF_0_2011 (Golinucci et al. 2025, Apache 2.0); z sum over origin regions"
HR,2011,Methane car,intensity_gas,4.077467e-05,t/vkm,"FULFILL_MARIO REF_0_2011 (Golinucci et al. 2025, Apache 2.0); z sum over origin regions"
HU,2011,Diesel and gasoline car,intensity_liquid,5.241668e-05,t/vkm,"FULFILL_MARIO REF_0_2011 (Golinucci et al. 2025, Apache 2.0); z sum over origin regions"
HU,2011,Full electric car,intensity_electricity,1.021876e-06,TJ/vkm,"FULFILL_MARIO REF_0_2011 (Golinucci et al. 2025, Apache 2.0); z sum over origin regions"
HU,2011,Hydrogen car,intensity_hydrogen,1.393453e-05,t/vkm,"FULFILL_MARIO REF_0_2011 (Golinucci et al. 2025, Apache 2.0); z sum over origin regions"
HU,2011,LPG car,intensity_lpg,5.005505e-05,t/vkm,"FULFILL_MARIO REF_0_2011 (Golinucci et al. 2025, Apache 2.0); z sum over origin regions"
HU,2011,Methane car,intensity_gas,4.982042e-05,t/vkm,"FULFILL_MARIO REF_0_2011 (Golinucci et al. 2025, Apache 2.0); z sum over origin regions"
IE,2011,Diesel and gasoline car,intensity_liquid,5.241668e-05,t/vkm,"FULFILL_MARIO REF_0_2011 (Golinucci et al. 2025, Apache 2.0); z sum over origin regions"
IE,2011,Full electric car,intensity_electricity,1.021876e-06,TJ/vkm,"FULFILL_MARIO REF_0_2011 (Golinucci et al. 2025, Apache 2.0); z sum over origin regions"
IE,2011,Hydrogen car,intensity_hydrogen,1.393453e-05,t/vkm,"FULFILL_MARIO REF_0_2011 (Golinucci et al. 2025, Apache 2.0); z sum over origin regions"
IE,2011,LPG car,intensity_lpg,5.005505e-05,t/vkm,"FULFILL_MARIO REF_0_2011 (Golinucci et al. 2025, Apache 2.0); z sum over origin regions"
IE,2011,Methane car,intensity_gas,4.982042e-05,t/vkm,"FULFILL_MARIO REF_0_2011 (Golinucci et al. 2025, Apache 2.0); z sum over origin regions"
IT,2011,Diesel and gasoline car,intensity_liquid,4.941926e-05,t/vkm,"FULFILL_MARIO REF_0_2011 (Golinucci et al. 2025, Apache 2.0); z sum over origin regions"
IT,2011,Full electric car,intensity_electricity,7.959837e-07,TJ/vkm,"FULFILL_MARIO REF_0_2011 (Golinucci et al. 2025, Apache 2.0); z sum over origin regions"
IT,2011,Hydrogen car,intensity_hydrogen,1.128768e-05,t/vkm,"FULFILL_MARIO REF_0_2011 (Golinucci et al. 2025, Apache 2.0); z sum over origin regions"
IT,2011,LPG car,intensity_lpg,4.719268e-05,t/vkm,"FULFILL_MARIO REF_0_2011 (Golinucci et al. 2025, Apache 2.0); z sum over origin regions"
IT,2011,Methane car,intensity_gas,3.544734e-05,t/vkm,"FULFILL_MARIO REF_0_2011 (Golinucci et al. 2025, Apache 2.0); z sum over origin regions"
LT,2011,Diesel and gasoline car,intensity_liquid,6.716955e-05,t/vkm,"FULFILL_MARIO REF_0_2011 (Golinucci et al. 2025, Apache 2.0); z sum over origin regions"
LT,2011,Full electric car,intensity_electricity,7.758089e-07,TJ/vkm,"FULFILL_MARIO REF_0_2011 (Golinucci et al. 2025, Apache 2.0); z sum over origin regions"
LT,2011,Hydrogen car,intensity_hydrogen,1.100795e-05,t/vkm,"FULFILL_MARIO REF_0_2011 (Golinucci et al. 2025, Apache 2.0); z sum over origin regions"
LT,2011,LPG car,intensity_lpg,6.414323e-05,t/vkm,"FULFILL_MARIO REF_0_2011 (Golinucci et al. 2025, Apache 2.0); z sum over origin regions"
LT,2011,Methane car,intensity_gas,4.077467e-05,t/vkm,"FULFILL_MARIO REF_0_2011 (Golinucci et al. 2025, Apache 2.0); z sum over origin regions"
LU,2011,Diesel and gasoline car,intensity_liquid,5.913218e-05,t/vkm,"FULFILL_MARIO REF_0_2011 (Golinucci et al. 2025, Apache 2.0); z sum over origin regions"
LU,2011,Full electric car,intensity_electricity,6.420603e-07,TJ/vkm,"FULFILL_MARIO REF_0_2011 (Golinucci et al. 2025, Apache 2.0); z sum over origin regions"
LU,2011,Hydrogen car,intensity_hydrogen,1.451805e-05,t/vkm,"FULFILL_MARIO REF_0_2011 (Golinucci et al. 2025, Apache 2.0); z sum over origin regions"
LU,2011,LPG car,intensity_lpg,5.485795e-05,t/vkm,"FULFILL_MARIO REF_0_2011 (Golinucci et al. 2025, Apache 2.0); z sum over origin regions"
LU,2011,Methane car,intensity_gas,5.352759e-05,t/vkm,"FULFILL_MARIO REF_0_2011 (Golinucci et al. 2025, Apache 2.0); z sum over origin regions"
LV,2011,Diesel and gasoline car,intensity_liquid,6.716955e-05,t/vkm,"FULFILL_MARIO REF_0_2011 (Golinucci et al. 2025, Apache 2.0); z sum over origin regions"
LV,2011,Full electric car,intensity_electricity,7.758089e-07,TJ/vkm,"FULFILL_MARIO REF_0_2011 (Golinucci et al. 2025, Apache 2.0); z sum over origin regions"
LV,2011,Hydrogen car,intensity_hydrogen,1.100795e-05,t/vkm,"FULFILL_MARIO REF_0_2011 (Golinucci et al. 2025, Apache 2.0); z sum over origin regions"
LV,2011,LPG car,intensity_lpg,6.414323e-05,t/vkm,"FULFILL_MARIO REF_0_2011 (Golinucci et al. 2025, Apache 2.0); z sum over origin regions"
LV,2011,Methane car,intensity_gas,4.077467e-05,t/vkm,"FULFILL_MARIO REF_0_2011 (Golinucci et al. 2025, Apache 2.0); z sum over origin regions"
MT,2011,Diesel and gasoline car,intensity_liquid,5.241668e-05,t/vkm,"FULFILL_MARIO REF_0_2011 (Golinucci et al. 2025, Apache 2.0); z sum over origin regions"
MT,2011,Full electric car,intensity_electricity,1.021876e-06,TJ/vkm,"FULFILL_MARIO REF_0_2011 (Golinucci et al. 2025, Apache 2.0); z sum over origin regions"
MT,2011,Hydrogen car,intensity_hydrogen,1.393453e-05,t/vkm,"FULFILL_MARIO REF_0_2011 (Golinucci et al. 2025, Apache 2.0); z sum over origin regions"
MT,2011,LPG car,intensity_lpg,1.001101e-04,t/vkm,"FULFILL_MARIO REF_0_2011 (Golinucci et al. 2025, Apache 2.0); z sum over origin regions"
NL,2011,Diesel and gasoline car,intensity_liquid,5.744344e-05,t/vkm,"FULFILL_MARIO REF_0_2011 (Golinucci et al. 2025, Apache 2.0); z sum over origin regions"
NL,2011,Full electric car,intensity_electricity,8.185288e-07,TJ/vkm,"FULFILL_MARIO REF_0_2011 (Golinucci et al. 2025, Apache 2.0); z sum over origin regions"
NL,2011,Hydrogen car,intensity_hydrogen,1.161482e-05,t/vkm,"FULFILL_MARIO REF_0_2011 (Golinucci et al. 2025, Apache 2.0); z sum over origin regions"
NL,2011,LPG car,intensity_lpg,5.485533e-05,t/vkm,"FULFILL_MARIO REF_0_2011 (Golinucci et al. 2025, Apache 2.0); z sum over origin regions"
NL,2011,Methane car,intensity_gas,3.545470e-05,t/vkm,"FULFILL_MARIO REF_0_2011 (Golinucci et al. 2025, Apache 2.0); z sum over origin regions"
PL,2011,Diesel and gasoline car,intensity_liquid,4.941926e-05,t/vkm,"FULFILL_MARIO REF_0_2011 (Golinucci et al. 2025, Apache 2.0); z sum over origin regions"
PL,2011,Full electric car,intensity_electricity,7.959837e-07,TJ/vkm,"FULFILL_MARIO REF_0_2011 (Golinucci et al. 2025, Apache 2.0); z sum over origin regions"
PL,2011,Hydrogen car,intensity_hydrogen,1.128768e-05,t/vkm,"FULFILL_MARIO REF_0_2011 (Golinucci et al. 2025, Apache 2.0); z sum over origin regions"
PL,2011,LPG car,intensity_lpg,4.719268e-05,t/vkm,"FULFILL_MARIO REF_0_2011 (Golinucci et al. 2025, Apache 2.0); z sum over origin regions"
PL,2011,Methane car,intensity_gas,3.544734e-05,t/vkm,"FULFILL_MARIO REF_0_2011 (Golinucci et al. 2025, Apache 2.0); z sum over origin regions"
PT,2011,Diesel and gasoline car,intensity_liquid,5.241668e-05,t/vkm,"FULFILL_MARIO REF_0_2011 (Golinucci et al. 2025, Apache 2.0); z sum over origin regions"
PT,2011,Full electric car,intensity_electricity,1.021876e-06,TJ/vkm,"FULFILL_MARIO REF_0_2011 (Golinucci et al. 2025, Apache 2.0); z sum over origin regions"
PT,2011,Hydrogen car,intensity_hydrogen,1.393453e-05,t/vkm,"FULFILL_MARIO REF_0_2011 (Golinucci et al. 2025, Apache 2.0); z sum over origin regions"
PT,2011,LPG car,intensity_lpg,5.005505e-05,t/vkm,"FULFILL_MARIO REF_0_2011 (Golinucci et al. 2025, Apache 2.0); z sum over origin regions"
PT,2011,Methane car,intensity_gas,4.982042e-05,t/vkm,"FULFILL_MARIO REF_0_2011 (Golinucci et al. 2025, Apache 2.0); z sum over origin regions"
RO,2011,Diesel and gasoline car,intensity_liquid,6.716955e-05,t/vkm,"FULFILL_MARIO REF_0_2011 (Golinucci et al. 2025, Apache 2.0); z sum over origin regions"
RO,2011,Full electric car,intensity_electricity,7.758089e-07,TJ/vkm,"FULFILL_MARIO REF_0_2011 (Golinucci et al. 2025, Apache 2.0); z sum over origin regions"
RO,2011,Hydrogen car,intensity_hydrogen,1.100795e-05,t/vkm,"FULFILL_MARIO REF_0_2011 (Golinucci et al. 2025, Apache 2.0); z sum over origin regions"
RO,2011,LPG car,intensity_lpg,6.414323e-05,t/vkm,"FULFILL_MARIO REF_0_2011 (Golinucci et al. 2025, Apache 2.0); z sum over origin regions"
RO,2011,Methane car,intensity_gas,4.077467e-05,t/vkm,"FULFILL_MARIO REF_0_2011 (Golinucci et al. 2025, Apache 2.0); z sum over origin regions"
SE,2011,Diesel and gasoline car,intensity_liquid,5.913218e-05,t/vkm,"FULFILL_MARIO REF_0_2011 (Golinucci et al. 2025, Apache 2.0); z sum over origin regions"
SE,2011,Full electric car,intensity_electricity,6.420603e-07,TJ/vkm,"FULFILL_MARIO REF_0_2011 (Golinucci et al. 2025, Apache 2.0); z sum over origin regions"
SE,2011,Hydrogen car,intensity_hydrogen,1.451805e-05,t/vkm,"FULFILL_MARIO REF_0_2011 (Golinucci et al. 2025, Apache 2.0); z sum over origin regions"
SE,2011,LPG car,intensity_lpg,5.485795e-05,t/vkm,"FULFILL_MARIO REF_0_2011 (Golinucci et al. 2025, Apache 2.0); z sum over origin regions"
SE,2011,Methane car,intensity_gas,5.352759e-05,t/vkm,"FULFILL_MARIO REF_0_2011 (Golinucci et al. 2025, Apache 2.0); z sum over origin regions"
SI,2011,Diesel and gasoline car,intensity_liquid,5.241668e-05,t/vkm,"FULFILL_MARIO REF_0_2011 (Golinucci et al. 2025, Apache 2.0); z sum over origin regions"
SI,2011,Full electric car,intensity_electricity,1.021876e-06,TJ/vkm,"FULFILL_MARIO REF_0_2011 (Golinucci et al. 2025, Apache 2.0); z sum over origin regions"
SI,2011,Hydrogen car,intensity_hydrogen,1.393453e-05,t/vkm,"FULFILL_MARIO REF_0_2011 (Golinucci et al. 2025, Apache 2.0); z sum over origin regions"
SI,2011,LPG car,intensity_lpg,5.005505e-05,t/vkm,"FULFILL_MARIO REF_0_2011 (Golinucci et al. 2025, Apache 2.0); z sum over origin regions"
SI,2011,Methane car,intensity_gas,4.982042e-05,t/vkm,"FULFILL_MARIO REF_0_2011 (Golinucci et al. 2025, Apache 2.0); z sum over origin regions"
SK,2011,Diesel and gasoline car,intensity_liquid,5.241668e-05,t/vkm,"FULFILL_MARIO REF_0_2011 (Golinucci et al. 2025, Apache 2.0); z sum over origin regions"
SK,2011,Full electric car,intensity_electricity,1.021876e-06,TJ/vkm,"FULFILL_MARIO REF_0_2011 (Golinucci et al. 2025, Apache 2.0); z sum over origin regions"
SK,2011,Hydrogen car,intensity_hydrogen,1.393453e-05,t/vkm,"FULFILL_MARIO REF_0_2011 (Golinucci et al. 2025, Apache 2.0); z sum over origin regions"
SK,2011,LPG car,intensity_lpg,5.005505e-05,t/vkm,"FULFILL_MARIO REF_0_2011 (Golinucci et al. 2025, Apache 2.0); z sum over origin regions"
SK,2011,Methane car,intensity_gas,4.982042e-05,t/vkm,"FULFILL_MARIO REF_0_2011 (Golinucci et al. 2025, Apache 2.0); z sum over origin regions"
AT,2011,Diesel and gasoline car,market_share,0.988243,share of vkm,"FULFILL_MARIO REF_0_2011 (Golinucci et al. 2025, Apache 2.0); supply share into Car mobility"
AT,2011,LPG car,market_share,0.008347,share of vkm,"FULFILL_MARIO REF_0_2011 (Golinucci et al. 2025, Apache 2.0); supply share into Car mobility"
AT,2011,Methane car,market_share,0.000000,share of vkm,"FULFILL_MARIO REF_0_2011 (Golinucci et al. 2025, Apache 2.0); supply share into Car mobility"
AT,2011,Hydrogen car,market_share,0.000000,share of vkm,"FULFILL_MARIO REF_0_2011 (Golinucci et al. 2025, Apache 2.0); supply share into Car mobility"
AT,2011,Full electric car,market_share,0.003410,share of vkm,"FULFILL_MARIO REF_0_2011 (Golinucci et al. 2025, Apache 2.0); supply share into Car mobility"
BE,2011,Diesel and gasoline car,market_share,0.988243,share of vkm,"FULFILL_MARIO REF_0_2011 (Golinucci et al. 2025, Apache 2.0); supply share into Car mobility"
BE,2011,LPG car,market_share,0.008347,share of vkm,"FULFILL_MARIO REF_0_2011 (Golinucci et al. 2025, Apache 2.0); supply share into Car mobility"
BE,2011,Methane car,market_share,0.000000,share of vkm,"FULFILL_MARIO REF_0_2011 (Golinucci et al. 2025, Apache 2.0); supply share into Car mobility"
BE,2011,Hydrogen car,market_share,0.000000,share of vkm,"FULFILL_MARIO REF_0_2011 (Golinucci et al. 2025, Apache 2.0); supply share into Car mobility"
BE,2011,Full electric car,market_share,0.003410,share of vkm,"FULFILL_MARIO REF_0_2011 (Golinucci et al. 2025, Apache 2.0); supply share into Car mobility"
BG,2011,Diesel and gasoline car,market_share,0.999388,share of vkm,"FULFILL_MARIO REF_0_2011 (Golinucci et al. 2025, Apache 2.0); supply share into Car mobility"
BG,2011,LPG car,market_share,0.000000,share of vkm,"FULFILL_MARIO REF_0_2011 (Golinucci et al. 2025, Apache 2.0); supply share into Car mobility"
BG,2011,Methane car,market_share,0.000000,share of vkm,"FULFILL_MARIO REF_0_2011 (Golinucci et al. 2025, Apache 2.0); supply share into Car mobility"
BG,2011,Hydrogen car,market_share,0.000000,share of vkm,"FULFILL_MARIO REF_0_2011 (Golinucci et al. 2025, Apache 2.0); supply share into Car mobility"
BG,2011,Full electric car,market_share,0.000612,share of vkm,"FULFILL_MARIO REF_0_2011 (Golinucci et al. 2025, Apache 2.0); supply share into Car mobility"
HR,2011,Diesel and gasoline car,market_share,0.999388,share of vkm,"FULFILL_MARIO REF_0_2011 (Golinucci et al. 2025, Apache 2.0); supply share into Car mobility"
HR,2011,LPG car,market_share,0.000000,share of vkm,"FULFILL_MARIO REF_0_2011 (Golinucci et al. 2025, Apache 2.0); supply share into Car mobility"
HR,2011,Methane car,market_share,0.000000,share of vkm,"FULFILL_MARIO REF_0_2011 (Golinucci et al. 2025, Apache 2.0); supply share into Car mobility"
HR,2011,Hydrogen car,market_share,0.000000,share of vkm,"FULFILL_MARIO REF_0_2011 (Golinucci et al. 2025, Apache 2.0); supply share into Car mobility"
HR,2011,Full electric car,market_share,0.000612,share of vkm,"FULFILL_MARIO REF_0_2011 (Golinucci et al. 2025, Apache 2.0); supply share into Car mobility"
CY,2011,Diesel and gasoline car,market_share,0.993774,share of vkm,"FULFILL_MARIO REF_0_2011 (Golinucci et al. 2025, Apache 2.0); supply share into Car mobility"
CY,2011,LPG car,market_share,0.001957,share of vkm,"FULFILL_MARIO REF_0_2011 (Golinucci et al. 2025, Apache 2.0); supply share into Car mobility"
CY,2011,Methane car,market_share,0.000000,share of vkm,"FULFILL_MARIO REF_0_2011 (Golinucci et al. 2025, Apache 2.0); supply share into Car mobility"
CY,2011,Hydrogen car,market_share,0.000000,share of vkm,"FULFILL_MARIO REF_0_2011 (Golinucci et al. 2025, Apache 2.0); supply share into Car mobility"
CY,2011,Full electric car,market_share,0.004270,share of vkm,"FULFILL_MARIO REF_0_2011 (Golinucci et al. 2025, Apache 2.0); supply share into Car mobility"
CZ,2011,Diesel and gasoline car,market_share,0.999388,share of vkm,"FULFILL_MARIO REF_0_2011 (Golinucci et al. 2025, Apache 2.0); supply share into Car mobility"
CZ,2011,LPG car,market_share,0.000000,share of vkm,"FULFILL_MARIO REF_0_2011 (Golinucci et al. 2025, Apache 2.0); supply share into Car mobility"
CZ,2011,Methane car,market_share,0.000000,share of vkm,"FULFILL_MARIO REF_0_2011 (Golinucci et al. 2025, Apache 2.0); supply share into Car mobility"
CZ,2011,Hydrogen car,market_share,0.000000,share of vkm,"FULFILL_MARIO REF_0_2011 (Golinucci et al. 2025, Apache 2.0); supply share into Car mobility"
CZ,2011,Full electric car,market_share,0.000612,share of vkm,"FULFILL_MARIO REF_0_2011 (Golinucci et al. 2025, Apache 2.0); supply share into Car mobility"
DK,2011,Diesel and gasoline car,market_share,0.995338,share of vkm,"FULFILL_MARIO REF_0_2011 (Golinucci et al. 2025, Apache 2.0); supply share into Car mobility"
DK,2011,LPG car,market_share,0.000000,share of vkm,"FULFILL_MARIO REF_0_2011 (Golinucci et al. 2025, Apache 2.0); supply share into Car mobility"
DK,2011,Methane car,market_share,0.000050,share of vkm,"FULFILL_MARIO REF_0_2011 (Golinucci et al. 2025, Apache 2.0); supply share into Car mobility"
DK,2011,Hydrogen car,market_share,0.000000,share of vkm,"FULFILL_MARIO REF_0_2011 (Golinucci et al. 2025, Apache 2.0); supply share into Car mobility"
DK,2011,Full electric car,market_share,0.004662,share of vkm,"FULFILL_MARIO REF_0_2011 (Golinucci et al. 2025, Apache 2.0); supply share into Car mobility"
EE,2011,Diesel and gasoline car,market_share,0.991833,share of vkm,"FULFILL_MARIO REF_0_2011 (Golinucci et al. 2025, Apache 2.0); supply share into Car mobility"
EE,2011,LPG car,market_share,0.001953,share of vkm,"FULFILL_MARIO REF_0_2011 (Golinucci et al. 2025, Apache 2.0); supply share into Car mobility"
EE,2011,Methane car,market_share,0.001953,share of vkm,"FULFILL_MARIO REF_0_2011 (Golinucci et al. 2025, Apache 2.0); supply share into Car mobility"
EE,2011,Hydrogen car,market_share,0.000000,share of vkm,"FULFILL_MARIO REF_0_2011 (Golinucci et al. 2025, Apache 2.0); supply share into Car mobility"
EE,2011,Full electric car,market_share,0.004261,share of vkm,"FULFILL_MARIO REF_0_2011 (Golinucci et al. 2025, Apache 2.0); supply share into Car mobility"
FI,2011,Diesel and gasoline car,market_share,0.988243,share of vkm,"FULFILL_MARIO REF_0_2011 (Golinucci et al. 2025, Apache 2.0); supply share into Car mobility"
FI,2011,LPG car,market_share,0.008347,share of vkm,"FULFILL_MARIO REF_0_2011 (Golinucci et al. 2025, Apache 2.0); supply share into Car mobility"
FI,2011,Methane car,market_share,0.000000,share of vkm,"FULFILL_MARIO REF_0_2011 (Golinucci et al. 2025, Apache 2.0); supply share into Car mobility"
FI,2011,Hydrogen car,market_share,0.000000,share of vkm,"FULFILL_MARIO REF_0_2011 (Golinucci et al. 2025, Apache 2.0); supply share into Car mobility"
FI,2011,Full electric car,market_share,0.003410,share of vkm,"FULFILL_MARIO REF_0_2011 (Golinucci et al. 2025, Apache 2.0); supply share into Car mobility"
FR,2011,Diesel and gasoline car,market_share,0.991833,share of vkm,"FULFILL_MARIO REF_0_2011 (Golinucci et al. 2025, Apache 2.0); supply share into Car mobility"
FR,2011,LPG car,market_share,0.001953,share of vkm,"FULFILL_MARIO REF_0_2011 (Golinucci et al. 2025, Apache 2.0); supply share into Car mobility"
FR,2011,Methane car,market_share,0.001953,share of vkm,"FULFILL_MARIO REF_0_2011 (Golinucci et al. 2025, Apache 2.0); supply share into Car mobility"
FR,2011,Hydrogen car,market_share,0.000000,share of vkm,"FULFILL_MARIO REF_0_2011 (Golinucci et al. 2025, Apache 2.0); supply share into Car mobility"
FR,2011,Full electric car,market_share,0.004261,share of vkm,"FULFILL_MARIO REF_0_2011 (Golinucci et al. 2025, Apache 2.0); supply share into Car mobility"
DE,2011,Diesel and gasoline car,market_share,0.988243,share of vkm,"FULFILL_MARIO REF_0_2011 (Golinucci et al. 2025, Apache 2.0); supply share into Car mobility"
DE,2011,LPG car,market_share,0.008347,share of vkm,"FULFILL_MARIO REF_0_2011 (Golinucci et al. 2025, Apache 2.0); supply share into Car mobility"
DE,2011,Methane car,market_share,0.000000,share of vkm,"FULFILL_MARIO REF_0_2011 (Golinucci et al. 2025, Apache 2.0); supply share into Car mobility"
DE,2011,Hydrogen car,market_share,0.000000,share of vkm,"FULFILL_MARIO REF_0_2011 (Golinucci et al. 2025, Apache 2.0); supply share into Car mobility"
DE,2011,Full electric car,market_share,0.003410,share of vkm,"FULFILL_MARIO REF_0_2011 (Golinucci et al. 2025, Apache 2.0); supply share into Car mobility"
GR,2011,Diesel and gasoline car,market_share,0.999388,share of vkm,"FULFILL_MARIO REF_0_2011 (Golinucci et al. 2025, Apache 2.0); supply share into Car mobility"
GR,2011,LPG car,market_share,0.000000,share of vkm,"FULFILL_MARIO REF_0_2011 (Golinucci et al. 2025, Apache 2.0); supply share into Car mobility"
GR,2011,Methane car,market_share,0.000000,share of vkm,"FULFILL_MARIO REF_0_2011 (Golinucci et al. 2025, Apache 2.0); supply share into Car mobility"
GR,2011,Hydrogen car,market_share,0.000000,share of vkm,"FULFILL_MARIO REF_0_2011 (Golinucci et al. 2025, Apache 2.0); supply share into Car mobility"
GR,2011,Full electric car,market_share,0.000612,share of vkm,"FULFILL_MARIO REF_0_2011 (Golinucci et al. 2025, Apache 2.0); supply share into Car mobility"
HU,2011,Diesel and gasoline car,market_share,0.991833,share of vkm,"FULFILL_MARIO REF_0_2011 (Golinucci et al. 2025, Apache 2.0); supply share into Car mobility"
HU,2011,LPG car,market_share,0.001953,share of vkm,"FULFILL_MARIO REF_0_2011 (Golinucci et al. 2025, Apache 2.0); supply share into Car mobility"
HU,2011,Methane car,market_share,0.001953,share of vkm,"FULFILL_MARIO REF_0_2011 (Golinucci et al. 2025, Apache 2.0); supply share into Car mobility"
HU,2011,Hydrogen car,market_share,0.000000,share of vkm,"FULFILL_MARIO REF_0_2011 (Golinucci et al. 2025, Apache 2.0); supply share into Car mobility"
HU,2011,Full electric car,market_share,0.004261,share of vkm,"FULFILL_MARIO REF_0_2011 (Golinucci et al. 2025, Apache 2.0); supply share into Car mobility"
IE,2011,Diesel and gasoline car,market_share,0.991833,share of vkm,"FULFILL_MARIO REF_0_2011 (Golinucci et al. 2025, Apache 2.0); supply share into Car mobility"
IE,2011,LPG car,market_share,0.001953,share of vkm,"FULFILL_MARIO REF_0_2011 (Golinucci et al. 2025, Apache 2.0); supply share into Car mobility"
IE,2011,Methane car,market_share,0.001953,share of vkm,"FULFILL_MARIO REF_0_2011 (Golinucci et al. 2025, Apache 2.0); supply share into Car mobility"
IE,2011,Hydrogen car,market_share,0.000000,share of vkm,"FULFILL_MARIO REF_0_2011 (Golinucci et al. 2025, Apache 2.0); supply share into Car mobility"
IE,2011,Full electric car,market_share,0.004261,share of vkm,"FULFILL_MARIO REF_0_2011 (Golinucci et al. 2025, Apache 2.0); supply share into Car mobility"
IT,2011,Diesel and gasoline car,market_share,0.849744,share of vkm,"FULFILL_MARIO REF_0_2011 (Golinucci et al. 2025, Apache 2.0); supply share into Car mobility"
IT,2011,LPG car,market_share,0.098337,share of vkm,"FULFILL_MARIO REF_0_2011 (Golinucci et al. 2025, Apache 2.0); supply share into Car mobility"
IT,2011,Methane car,market_share,0.051652,share of vkm,"FULFILL_MARIO REF_0_2011 (Golinucci et al. 2025, Apache 2.0); supply share into Car mobility"
IT,2011,Hydrogen car,market_share,0.000000,share of vkm,"FULFILL_MARIO REF_0_2011 (Golinucci et al. 2025, Apache 2.0); supply share into Car mobility"
IT,2011,Full electric car,market_share,0.000268,share of vkm,"FULFILL_MARIO REF_0_2011 (Golinucci et al. 2025, Apache 2.0); supply share into Car mobility"
LV,2011,Diesel and gasoline car,market_share,0.999388,share of vkm,"FULFILL_MARIO REF_0_2011 (Golinucci et al. 2025, Apache 2.0); supply share into Car mobility"
LV,2011,LPG car,market_share,0.000000,share of vkm,"FULFILL_MARIO REF_0_2011 (Golinucci et al. 2025, Apache 2.0); supply share into Car mobility"
LV,2011,Methane car,market_share,0.000000,share of vkm,"FULFILL_MARIO REF_0_2011 (Golinucci et al. 2025, Apache 2.0); supply share into Car mobility"
LV,2011,Hydrogen car,market_share,0.000000,share of vkm,"FULFILL_MARIO REF_0_2011 (Golinucci et al. 2025, Apache 2.0); supply share into Car mobility"
LV,2011,Full electric car,market_share,0.000612,share of vkm,"FULFILL_MARIO REF_0_2011 (Golinucci et al. 2025, Apache 2.0); supply share into Car mobility"
LT,2011,Diesel and gasoline car,market_share,0.999388,share of vkm,"FULFILL_MARIO REF_0_2011 (Golinucci et al. 2025, Apache 2.0); supply share into Car mobility"
LT,2011,LPG car,market_share,0.000000,share of vkm,"FULFILL_MARIO REF_0_2011 (Golinucci et al. 2025, Apache 2.0); supply share into Car mobility"
LT,2011,Methane car,market_share,0.000000,share of vkm,"FULFILL_MARIO REF_0_2011 (Golinucci et al. 2025, Apache 2.0); supply share into Car mobility"
LT,2011,Hydrogen car,market_share,0.000000,share of vkm,"FULFILL_MARIO REF_0_2011 (Golinucci et al. 2025, Apache 2.0); supply share into Car mobility"
LT,2011,Full electric car,market_share,0.000612,share of vkm,"FULFILL_MARIO REF_0_2011 (Golinucci et al. 2025, Apache 2.0); supply share into Car mobility"
LU,2011,Diesel and gasoline car,market_share,0.995338,share of vkm,"FULFILL_MARIO REF_0_2011 (Golinucci et al. 2025, Apache 2.0); supply share into Car mobility"
LU,2011,LPG car,market_share,0.000000,share of vkm,"FULFILL_MARIO REF_0_2011 (Golinucci et al. 2025, Apache 2.0); supply share into Car mobility"
LU,2011,Methane car,market_share,0.000050,share of vkm,"FULFILL_MARIO REF_0_2011 (Golinucci et al. 2025, Apache 2.0); supply share into Car mobility"
LU,2011,Hydrogen car,market_share,0.000000,share of vkm,"FULFILL_MARIO REF_0_2011 (Golinucci et al. 2025, Apache 2.0); supply share into Car mobility"
LU,2011,Full electric car,market_share,0.004662,share of vkm,"FULFILL_MARIO REF_0_2011 (Golinucci et al. 2025, Apache 2.0); supply share into Car mobility"
MT,2011,Diesel and gasoline car,market_share,0.993774,share of vkm,"FULFILL_MARIO REF_0_2011 (Golinucci et al. 2025, Apache 2.0); supply share into Car mobility"
MT,2011,LPG car,market_share,0.001957,share of vkm,"FULFILL_MARIO REF_0_2011 (Golinucci et al. 2025, Apache 2.0); supply share into Car mobility"
MT,2011,Methane car,market_share,0.000000,share of vkm,"FULFILL_MARIO REF_0_2011 (Golinucci et al. 2025, Apache 2.0); supply share into Car mobility"
MT,2011,Hydrogen car,market_share,0.000000,share of vkm,"FULFILL_MARIO REF_0_2011 (Golinucci et al. 2025, Apache 2.0); supply share into Car mobility"
MT,2011,Full electric car,market_share,0.004270,share of vkm,"FULFILL_MARIO REF_0_2011 (Golinucci et al. 2025, Apache 2.0); supply share into Car mobility"
NL,2011,Diesel and gasoline car,market_share,0.988243,share of vkm,"FULFILL_MARIO REF_0_2011 (Golinucci et al. 2025, Apache 2.0); supply share into Car mobility"
NL,2011,LPG car,market_share,0.008347,share of vkm,"FULFILL_MARIO REF_0_2011 (Golinucci et al. 2025, Apache 2.0); supply share into Car mobility"
NL,2011,Methane car,market_share,0.000000,share of vkm,"FULFILL_MARIO REF_0_2011 (Golinucci et al. 2025, Apache 2.0); supply share into Car mobility"
NL,2011,Hydrogen car,market_share,0.000000,share of vkm,"FULFILL_MARIO REF_0_2011 (Golinucci et al. 2025, Apache 2.0); supply share into Car mobility"
NL,2011,Full electric car,market_share,0.003410,share of vkm,"FULFILL_MARIO REF_0_2011 (Golinucci et al. 2025, Apache 2.0); supply share into Car mobility"
PL,2011,Diesel and gasoline car,market_share,0.849744,share of vkm,"FULFILL_MARIO REF_0_2011 (Golinucci et al. 2025, Apache 2.0); supply share into Car mobility"
PL,2011,LPG car,market_share,0.098337,share of vkm,"FULFILL_MARIO REF_0_2011 (Golinucci et al. 2025, Apache 2.0); supply share into Car mobility"
PL,2011,Methane car,market_share,0.051652,share of vkm,"FULFILL_MARIO REF_0_2011 (Golinucci et al. 2025, Apache 2.0); supply share into Car mobility"
PL,2011,Hydrogen car,market_share,0.000000,share of vkm,"FULFILL_MARIO REF_0_2011 (Golinucci et al. 2025, Apache 2.0); supply share into Car mobility"
PL,2011,Full electric car,market_share,0.000268,share of vkm,"FULFILL_MARIO REF_0_2011 (Golinucci et al. 2025, Apache 2.0); supply share into Car mobility"
PT,2011,Diesel and gasoline car,market_share,0.991833,share of vkm,"FULFILL_MARIO REF_0_2011 (Golinucci et al. 2025, Apache 2.0); supply share into Car mobility"
PT,2011,LPG car,market_share,0.001953,share of vkm,"FULFILL_MARIO REF_0_2011 (Golinucci et al. 2025, Apache 2.0); supply share into Car mobility"
PT,2011,Methane car,market_share,0.001953,share of vkm,"FULFILL_MARIO REF_0_2011 (Golinucci et al. 2025, Apache 2.0); supply share into Car mobility"
PT,2011,Hydrogen car,market_share,0.000000,share of vkm,"FULFILL_MARIO REF_0_2011 (Golinucci et al. 2025, Apache 2.0); supply share into Car mobility"
PT,2011,Full electric car,market_share,0.004261,share of vkm,"FULFILL_MARIO REF_0_2011 (Golinucci et al. 2025, Apache 2.0); supply share into Car mobility"
RO,2011,Diesel and gasoline car,market_share,0.999388,share of vkm,"FULFILL_MARIO REF_0_2011 (Golinucci et al. 2025, Apache 2.0); supply share into Car mobility"
RO,2011,LPG car,market_share,0.000000,share of vkm,"FULFILL_MARIO REF_0_2011 (Golinucci et al. 2025, Apache 2.0); supply share into Car mobility"
RO,2011,Methane car,market_share,0.000000,share of vkm,"FULFILL_MARIO REF_0_2011 (Golinucci et al. 2025, Apache 2.0); supply share into Car mobility"
RO,2011,Hydrogen car,market_share,0.000000,share of vkm,"FULFILL_MARIO REF_0_2011 (Golinucci et al. 2025, Apache 2.0); supply share into Car mobility"
RO,2011,Full electric car,market_share,0.000612,share of vkm,"FULFILL_MARIO REF_0_2011 (Golinucci et al. 2025, Apache 2.0); supply share into Car mobility"
SK,2011,Diesel and gasoline car,market_share,0.991833,share of vkm,"FULFILL_MARIO REF_0_2011 (Golinucci et al. 2025, Apache 2.0); supply share into Car mobility"
SK,2011,LPG car,market_share,0.001953,share of vkm,"FULFILL_MARIO REF_0_2011 (Golinucci et al. 2025, Apache 2.0); supply share into Car mobility"
SK,2011,Methane car,market_share,0.001953,share of vkm,"FULFILL_MARIO REF_0_2011 (Golinucci et al. 2025, Apache 2.0); supply share into Car mobility"
SK,2011,Hydrogen car,market_share,0.000000,share of vkm,"FULFILL_MARIO REF_0_2011 (Golinucci et al. 2025, Apache 2.0); supply share into Car mobility"
SK,2011,Full electric car,market_share,0.004261,share of vkm,"FULFILL_MARIO REF_0_2011 (Golinucci et al. 2025, Apache 2.0); supply share into Car mobility"
SI,2011,Diesel and gasoline car,market_share,0.991833,share of vkm,"FULFILL_MARIO REF_0_2011 (Golinucci et al. 2025, Apache 2.0); supply share into Car mobility"
SI,2011,LPG car,market_share,0.001953,share of vkm,"FULFILL_MARIO REF_0_2011 (Golinucci et al. 2025, Apache 2.0); supply share into Car mobility"
SI,2011,Methane car,market_share,0.001953,share of vkm,"FULFILL_MARIO REF_0_2011 (Golinucci et al. 2025, Apache 2.0); supply share into Car mobility"
SI,2011,Hydrogen car,market_share,0.000000,share of vkm,"FULFILL_MARIO REF_0_2011 (Golinucci et al. 2025, Apache 2.0); supply share into Car mobility"
SI,2011,Full electric car,market_share,0.004261,share of vkm,"FULFILL_MARIO REF_0_2011 (Golinucci et al. 2025, Apache 2.0); supply share into Car mobility"
ES,2011,Diesel and gasoline car,market_share,0.991833,share of vkm,"FULFILL_MARIO REF_0_2011 (Golinucci et al. 2025, Apache 2.0); supply share into Car mobility"
ES,2011,LPG car,market_share,0.001953,share of vkm,"FULFILL_MARIO REF_0_2011 (Golinucci et al. 2025, Apache 2.0); supply share into Car mobility"
ES,2011,Methane car,market_share,0.001953,share of vkm,"FULFILL_MARIO REF_0_2011 (Golinucci et al. 2025, Apache 2.0); supply share into Car mobility"
ES,2011,Hydrogen car,market_share,0.000000,share of vkm,"FULFILL_MARIO REF_0_2011 (Golinucci et al. 2025, Apache 2.0); supply share into Car mobility"
ES,2011,Full electric car,market_share,0.004261,share of vkm,"FULFILL_MARIO REF_0_2011 (Golinucci et al. 2025, Apache 2.0); supply share into Car mobility"
SE,2011,Diesel and gasoline car,market_share,0.995338,share of vkm,"FULFILL_MARIO REF_0_2011 (Golinucci et al. 2025, Apache 2.0); supply share into Car mobility"
SE,2011,LPG car,market_share,0.000000,share of vkm,"FULFILL_MARIO REF_0_2011 (Golinucci et al. 2025, Apache 2.0); supply share into Car mobility"
SE,2011,Methane car,market_share,0.000050,share of vkm,"FULFILL_MARIO REF_0_2011 (Golinucci et al. 2025, Apache 2.0); supply share into Car mobility"
SE,2011,Hydrogen car,market_share,0.000000,share of vkm,"FULFILL_MARIO REF_0_2011 (Golinucci et al. 2025, Apache 2.0); supply share into Car mobility"
SE,2011,Full electric car,market_share,0.004662,share of vkm,"FULFILL_MARIO REF_0_2011 (Golinucci et al. 2025, Apache 2.0); supply share into Car mobility"
AT,2020,Diesel and gasoline car,intensity_liquid,5.744344e-05,t/vkm,"FULFILL_MARIO REF_0_2020 (Golinucci et al. 2025, Apache 2.0); z sum over origin regions"
AT,2020,Full electric car,intensity_electricity,8.185288e-07,TJ/vkm,"FULFILL_MARIO REF_0_2020 (Golinucci et al. 2025, Apache 2.0); z sum over origin regions"
AT,2020,Hydrogen car,intensity_hydrogen,1.161482e-05,t/vkm,"FULFILL_MARIO REF_0_2020 (Golinucci et al. 2025, Apache 2.0); z sum over origin regions"
AT,2020,LPG car,intensity_lpg,5.485533e-05,t/vkm,"FULFILL_MARIO REF_0_2020 (Golinucci et al. 2025, Apache 2.0); z sum over origin regions"
AT,2020,Methane car,intensity_gas,3.545470e-05,t/vkm,"FULFILL_MARIO REF_0_2020 (Golinucci et al. 2025, Apache 2.0); z sum over origin regions"
BE,2020,Diesel and gasoline car,intensity_liquid,5.744344e-05,t/vkm,"FULFILL_MARIO REF_0_2020 (Golinucci et al. 2025, Apache 2.0); z sum over origin regions"
BE,2020,Full electric car,intensity_electricity,8.185288e-07,TJ/vkm,"FULFILL_MARIO REF_0_2020 (Golinucci et al. 2025, Apache 2.0); z sum over origin regions"
BE,2020,Hydrogen car,intensity_hydrogen,1.161482e-05,t/vkm,"FULFILL_MARIO REF_0_2020 (Golinucci et al. 2025, Apache 2.0); z sum over origin regions"
BE,2020,LPG car,intensity_lpg,5.485533e-05,t/vkm,"FULFILL_MARIO REF_0_2020 (Golinucci et al. 2025, Apache 2.0); z sum over origin regions"
BE,2020,Methane car,intensity_gas,3.545470e-05,t/vkm,"FULFILL_MARIO REF_0_2020 (Golinucci et al. 2025, Apache 2.0); z sum over origin regions"
BG,2020,Diesel and gasoline car,intensity_liquid,6.716955e-05,t/vkm,"FULFILL_MARIO REF_0_2020 (Golinucci et al. 2025, Apache 2.0); z sum over origin regions"
BG,2020,Full electric car,intensity_electricity,7.758089e-07,TJ/vkm,"FULFILL_MARIO REF_0_2020 (Golinucci et al. 2025, Apache 2.0); z sum over origin regions"
BG,2020,Hydrogen car,intensity_hydrogen,1.100795e-05,t/vkm,"FULFILL_MARIO REF_0_2020 (Golinucci et al. 2025, Apache 2.0); z sum over origin regions"
BG,2020,LPG car,intensity_lpg,6.414323e-05,t/vkm,"FULFILL_MARIO REF_0_2020 (Golinucci et al. 2025, Apache 2.0); z sum over origin regions"
BG,2020,Methane car,intensity_gas,4.077467e-05,t/vkm,"FULFILL_MARIO REF_0_2020 (Golinucci et al. 2025, Apache 2.0); z sum over origin regions"
CY,2020,Diesel and gasoline car,intensity_liquid,5.241668e-05,t/vkm,"FULFILL_MARIO REF_0_2020 (Golinucci et al. 2025, Apache 2.0); z sum over origin regions"
CY,2020,Full electric car,intensity_electricity,1.021876e-06,TJ/vkm,"FULFILL_MARIO REF_0_2020 (Golinucci et al. 2025, Apache 2.0); z sum over origin regions"
CY,2020,Hydrogen car,intensity_hydrogen,1.393453e-05,t/vkm,"FULFILL_MARIO REF_0_2020 (Golinucci et al. 2025, Apache 2.0); z sum over origin regions"
CY,2020,LPG car,intensity_lpg,1.001101e-04,t/vkm,"FULFILL_MARIO REF_0_2020 (Golinucci et al. 2025, Apache 2.0); z sum over origin regions"
CZ,2020,Diesel and gasoline car,intensity_liquid,6.716955e-05,t/vkm,"FULFILL_MARIO REF_0_2020 (Golinucci et al. 2025, Apache 2.0); z sum over origin regions"
CZ,2020,Full electric car,intensity_electricity,7.758089e-07,TJ/vkm,"FULFILL_MARIO REF_0_2020 (Golinucci et al. 2025, Apache 2.0); z sum over origin regions"
CZ,2020,Hydrogen car,intensity_hydrogen,1.100795e-05,t/vkm,"FULFILL_MARIO REF_0_2020 (Golinucci et al. 2025, Apache 2.0); z sum over origin regions"
CZ,2020,LPG car,intensity_lpg,6.414323e-05,t/vkm,"FULFILL_MARIO REF_0_2020 (Golinucci et al. 2025, Apache 2.0); z sum over origin regions"
CZ,2020,Methane car,intensity_gas,4.077467e-05,t/vkm,"FULFILL_MARIO REF_0_2020 (Golinucci et al. 2025, Apache 2.0); z sum over origin regions"
DE,2020,Diesel and gasoline car,intensity_liquid,5.744344e-05,t/vkm,"FULFILL_MARIO REF_0_2020 (Golinucci et al. 2025, Apache 2.0); z sum over origin regions"
DE,2020,Full electric car,intensity_electricity,8.185288e-07,TJ/vkm,"FULFILL_MARIO REF_0_2020 (Golinucci et al. 2025, Apache 2.0); z sum over origin regions"
DE,2020,Hydrogen car,intensity_hydrogen,1.161482e-05,t/vkm,"FULFILL_MARIO REF_0_2020 (Golinucci et al. 2025, Apache 2.0); z sum over origin regions"
DE,2020,LPG car,intensity_lpg,5.485533e-05,t/vkm,"FULFILL_MARIO REF_0_2020 (Golinucci et al. 2025, Apache 2.0); z sum over origin regions"
DE,2020,Methane car,intensity_gas,3.545470e-05,t/vkm,"FULFILL_MARIO REF_0_2020 (Golinucci et al. 2025, Apache 2.0); z sum over origin regions"
DK,2020,Diesel and gasoline car,intensity_liquid,5.913218e-05,t/vkm,"FULFILL_MARIO REF_0_2020 (Golinucci et al. 2025, Apache 2.0); z sum over origin regions"
DK,2020,Full electric car,intensity_electricity,6.420603e-07,TJ/vkm,"FULFILL_MARIO REF_0_2020 (Golinucci et al. 2025, Apache 2.0); z sum over origin regions"
DK,2020,Hydrogen car,intensity_hydrogen,1.451805e-05,t/vkm,"FULFILL_MARIO REF_0_2020 (Golinucci et al. 2025, Apache 2.0); z sum over origin regions"
DK,2020,LPG car,intensity_lpg,5.485795e-05,t/vkm,"FULFILL_MARIO REF_0_2020 (Golinucci et al. 2025, Apache 2.0); z sum over origin regions"
DK,2020,Methane car,intensity_gas,5.352759e-05,t/vkm,"FULFILL_MARIO REF_0_2020 (Golinucci et al. 2025, Apache 2.0); z sum over origin regions"
EE,2020,Diesel and gasoline car,intensity_liquid,5.241668e-05,t/vkm,"FULFILL_MARIO REF_0_2020 (Golinucci et al. 2025, Apache 2.0); z sum over origin regions"
EE,2020,Full electric car,intensity_electricity,1.021876e-06,TJ/vkm,"FULFILL_MARIO REF_0_2020 (Golinucci et al. 2025, Apache 2.0); z sum over origin regions"
EE,2020,Hydrogen car,intensity_hydrogen,1.393453e-05,t/vkm,"FULFILL_MARIO REF_0_2020 (Golinucci et al. 2025, Apache 2.0); z sum over origin regions"
EE,2020,LPG car,intensity_lpg,5.005505e-05,t/vkm,"FULFILL_MARIO REF_0_2020 (Golinucci et al. 2025, Apache 2.0); z sum over origin regions"
EE,2020,Methane car,intensity_gas,4.982042e-05,t/vkm,"FULFILL_MARIO REF_0_2020 (Golinucci et al. 2025, Apache 2.0); z sum over origin regions"
ES,2020,Diesel and gasoline car,intensity_liquid,5.241668e-05,t/vkm,"FULFILL_MARIO REF_0_2020 (Golinucci et al. 2025, Apache 2.0); z sum over origin regions"
ES,2020,Full electric car,intensity_electricity,1.021876e-06,TJ/vkm,"FULFILL_MARIO REF_0_2020 (Golinucci et al. 2025, Apache 2.0); z sum over origin regions"
ES,2020,Hydrogen car,intensity_hydrogen,1.393453e-05,t/vkm,"FULFILL_MARIO REF_0_2020 (Golinucci et al. 2025, Apache 2.0); z sum over origin regions"
ES,2020,LPG car,intensity_lpg,5.005505e-05,t/vkm,"FULFILL_MARIO REF_0_2020 (Golinucci et al. 2025, Apache 2.0); z sum over origin regions"
ES,2020,Methane car,intensity_gas,4.982042e-05,t/vkm,"FULFILL_MARIO REF_0_2020 (Golinucci et al. 2025, Apache 2.0); z sum over origin regions"
FI,2020,Diesel and gasoline car,intensity_liquid,5.744344e-05,t/vkm,"FULFILL_MARIO REF_0_2020 (Golinucci et al. 2025, Apache 2.0); z sum over origin regions"
FI,2020,Full electric car,intensity_electricity,8.185288e-07,TJ/vkm,"FULFILL_MARIO REF_0_2020 (Golinucci et al. 2025, Apache 2.0); z sum over origin regions"
FI,2020,Hydrogen car,intensity_hydrogen,1.161482e-05,t/vkm,"FULFILL_MARIO REF_0_2020 (Golinucci et al. 2025, Apache 2.0); z sum over origin regions"
FI,2020,LPG car,intensity_lpg,5.485533e-05,t/vkm,"FULFILL_MARIO REF_0_2020 (Golinucci et al. 2025, Apache 2.0); z sum over origin regions"
FI,2020,Methane car,intensity_gas,3.545470e-05,t/vkm,"FULFILL_MARIO REF_0_2020 (Golinucci et al. 2025, Apache 2.0); z sum over origin regions"
FR,2020,Diesel and gasoline car,intensity_liquid,5.241668e-05,t/vkm,"FULFILL_MARIO REF_0_2020 (Golinucci et al. 2025, Apache 2.0); z sum over origin regions"
FR,2020,Full electric car,intensity_electricity,1.021876e-06,TJ/vkm,"FULFILL_MARIO REF_0_2020 (Golinucci et al. 2025, Apache 2.0); z sum over origin regions"
FR,2020,Hydrogen car,intensity_hydrogen,1.393453e-05,t/vkm,"FULFILL_MARIO REF_0_2020 (Golinucci et al. 2025, Apache 2.0); z sum over origin regions"
FR,2020,LPG car,intensity_lpg,5.005505e-05,t/vkm,"FULFILL_MARIO REF_0_2020 (Golinucci et al. 2025, Apache 2.0); z sum over origin regions"
FR,2020,Methane car,intensity_gas,4.982042e-05,t/vkm,"FULFILL_MARIO REF_0_2020 (Golinucci et al. 2025, Apache 2.0); z sum over origin regions"
GR,2020,Diesel and gasoline car,intensity_liquid,6.716955e-05,t/vkm,"FULFILL_MARIO REF_0_2020 (Golinucci et al. 2025, Apache 2.0); z sum over origin regions"
GR,2020,Full electric car,intensity_electricity,7.758089e-07,TJ/vkm,"FULFILL_MARIO REF_0_2020 (Golinucci et al. 2025, Apache 2.0); z sum over origin regions"
GR,2020,Hydrogen car,intensity_hydrogen,1.100795e-05,t/vkm,"FULFILL_MARIO REF_0_2020 (Golinucci et al. 2025, Apache 2.0); z sum over origin regions"
GR,2020,LPG car,intensity_lpg,6.414323e-05,t/vkm,"FULFILL_MARIO REF_0_2020 (Golinucci et al. 2025, Apache 2.0); z sum over origin regions"
GR,2020,Methane car,intensity_gas,4.077467e-05,t/vkm,"FULFILL_MARIO REF_0_2020 (Golinucci et al. 2025, Apache 2.0); z sum over origin regions"
HR,2020,Diesel and gasoline car,intensity_liquid,6.716955e-05,t/vkm,"FULFILL_MARIO REF_0_2020 (Golinucci et al. 2025, Apache 2.0); z sum over origin regions"
HR,2020,Full electric car,intensity_electricity,7.758089e-07,TJ/vkm,"FULFILL_MARIO REF_0_2020 (Golinucci et al. 2025, Apache 2.0); z sum over origin regions"
HR,2020,Hydrogen car,intensity_hydrogen,1.100795e-05,t/vkm,"FULFILL_MARIO REF_0_2020 (Golinucci et al. 2025, Apache 2.0); z sum over origin regions"
HR,2020,LPG car,intensity_lpg,6.414323e-05,t/vkm,"FULFILL_MARIO REF_0_2020 (Golinucci et al. 2025, Apache 2.0); z sum over origin regions"
HR,2020,Methane car,intensity_gas,4.077467e-05,t/vkm,"FULFILL_MARIO REF_0_2020 (Golinucci et al. 2025, Apache 2.0); z sum over origin regions"
HU,2020,Diesel and gasoline car,intensity_liquid,5.241668e-05,t/vkm,"FULFILL_MARIO REF_0_2020 (Golinucci et al. 2025, Apache 2.0); z sum over origin regions"
HU,2020,Full electric car,intensity_electricity,1.021876e-06,TJ/vkm,"FULFILL_MARIO REF_0_2020 (Golinucci et al. 2025, Apache 2.0); z sum over origin regions"
HU,2020,Hydrogen car,intensity_hydrogen,1.393453e-05,t/vkm,"FULFILL_MARIO REF_0_2020 (Golinucci et al. 2025, Apache 2.0); z sum over origin regions"
HU,2020,LPG car,intensity_lpg,5.005505e-05,t/vkm,"FULFILL_MARIO REF_0_2020 (Golinucci et al. 2025, Apache 2.0); z sum over origin regions"
HU,2020,Methane car,intensity_gas,4.982042e-05,t/vkm,"FULFILL_MARIO REF_0_2020 (Golinucci et al. 2025, Apache 2.0); z sum over origin regions"
IE,2020,Diesel and gasoline car,intensity_liquid,5.241668e-05,t/vkm,"FULFILL_MARIO REF_0_2020 (Golinucci et al. 2025, Apache 2.0); z sum over origin regions"
IE,2020,Full electric car,intensity_electricity,1.021876e-06,TJ/vkm,"FULFILL_MARIO REF_0_2020 (Golinucci et al. 2025, Apache 2.0); z sum over origin regions"
IE,2020,Hydrogen car,intensity_hydrogen,1.393453e-05,t/vkm,"FULFILL_MARIO REF_0_2020 (Golinucci et al. 2025, Apache 2.0); z sum over origin regions"
IE,2020,LPG car,intensity_lpg,5.005505e-05,t/vkm,"FULFILL_MARIO REF_0_2020 (Golinucci et al. 2025, Apache 2.0); z sum over origin regions"
IE,2020,Methane car,intensity_gas,4.982042e-05,t/vkm,"FULFILL_MARIO REF_0_2020 (Golinucci et al. 2025, Apache 2.0); z sum over origin regions"
IT,2020,Diesel and gasoline car,intensity_liquid,4.941926e-05,t/vkm,"FULFILL_MARIO REF_0_2020 (Golinucci et al. 2025, Apache 2.0); z sum over origin regions"
IT,2020,Full electric car,intensity_electricity,7.959837e-07,TJ/vkm,"FULFILL_MARIO REF_0_2020 (Golinucci et al. 2025, Apache 2.0); z sum over origin regions"
IT,2020,Hydrogen car,intensity_hydrogen,1.128768e-05,t/vkm,"FULFILL_MARIO REF_0_2020 (Golinucci et al. 2025, Apache 2.0); z sum over origin regions"
IT,2020,LPG car,intensity_lpg,4.719268e-05,t/vkm,"FULFILL_MARIO REF_0_2020 (Golinucci et al. 2025, Apache 2.0); z sum over origin regions"
IT,2020,Methane car,intensity_gas,3.544734e-05,t/vkm,"FULFILL_MARIO REF_0_2020 (Golinucci et al. 2025, Apache 2.0); z sum over origin regions"
LT,2020,Diesel and gasoline car,intensity_liquid,6.716955e-05,t/vkm,"FULFILL_MARIO REF_0_2020 (Golinucci et al. 2025, Apache 2.0); z sum over origin regions"
LT,2020,Full electric car,intensity_electricity,7.758089e-07,TJ/vkm,"FULFILL_MARIO REF_0_2020 (Golinucci et al. 2025, Apache 2.0); z sum over origin regions"
LT,2020,Hydrogen car,intensity_hydrogen,1.100795e-05,t/vkm,"FULFILL_MARIO REF_0_2020 (Golinucci et al. 2025, Apache 2.0); z sum over origin regions"
LT,2020,LPG car,intensity_lpg,6.414323e-05,t/vkm,"FULFILL_MARIO REF_0_2020 (Golinucci et al. 2025, Apache 2.0); z sum over origin regions"
LT,2020,Methane car,intensity_gas,4.077467e-05,t/vkm,"FULFILL_MARIO REF_0_2020 (Golinucci et al. 2025, Apache 2.0); z sum over origin regions"
LU,2020,Diesel and gasoline car,intensity_liquid,5.913218e-05,t/vkm,"FULFILL_MARIO REF_0_2020 (Golinucci et al. 2025, Apache 2.0); z sum over origin regions"
LU,2020,Full electric car,intensity_electricity,6.420603e-07,TJ/vkm,"FULFILL_MARIO REF_0_2020 (Golinucci et al. 2025, Apache 2.0); z sum over origin regions"
LU,2020,Hydrogen car,intensity_hydrogen,1.451805e-05,t/vkm,"FULFILL_MARIO REF_0_2020 (Golinucci et al. 2025, Apache 2.0); z sum over origin regions"
LU,2020,LPG car,intensity_lpg,5.485795e-05,t/vkm,"FULFILL_MARIO REF_0_2020 (Golinucci et al. 2025, Apache 2.0); z sum over origin regions"
LU,2020,Methane car,intensity_gas,5.352759e-05,t/vkm,"FULFILL_MARIO REF_0_2020 (Golinucci et al. 2025, Apache 2.0); z sum over origin regions"
LV,2020,Diesel and gasoline car,intensity_liquid,6.716955e-05,t/vkm,"FULFILL_MARIO REF_0_2020 (Golinucci et al. 2025, Apache 2.0); z sum over origin regions"
LV,2020,Full electric car,intensity_electricity,7.758089e-07,TJ/vkm,"FULFILL_MARIO REF_0_2020 (Golinucci et al. 2025, Apache 2.0); z sum over origin regions"
LV,2020,Hydrogen car,intensity_hydrogen,1.100795e-05,t/vkm,"FULFILL_MARIO REF_0_2020 (Golinucci et al. 2025, Apache 2.0); z sum over origin regions"
LV,2020,LPG car,intensity_lpg,6.414323e-05,t/vkm,"FULFILL_MARIO REF_0_2020 (Golinucci et al. 2025, Apache 2.0); z sum over origin regions"
LV,2020,Methane car,intensity_gas,4.077467e-05,t/vkm,"FULFILL_MARIO REF_0_2020 (Golinucci et al. 2025, Apache 2.0); z sum over origin regions"
MT,2020,Diesel and gasoline car,intensity_liquid,5.241668e-05,t/vkm,"FULFILL_MARIO REF_0_2020 (Golinucci et al. 2025, Apache 2.0); z sum over origin regions"
MT,2020,Full electric car,intensity_electricity,1.021876e-06,TJ/vkm,"FULFILL_MARIO REF_0_2020 (Golinucci et al. 2025, Apache 2.0); z sum over origin regions"
MT,2020,Hydrogen car,intensity_hydrogen,1.393453e-05,t/vkm,"FULFILL_MARIO REF_0_2020 (Golinucci et al. 2025, Apache 2.0); z sum over origin regions"
MT,2020,LPG car,intensity_lpg,1.001101e-04,t/vkm,"FULFILL_MARIO REF_0_2020 (Golinucci et al. 2025, Apache 2.0); z sum over origin regions"
NL,2020,Diesel and gasoline car,intensity_liquid,5.744344e-05,t/vkm,"FULFILL_MARIO REF_0_2020 (Golinucci et al. 2025, Apache 2.0); z sum over origin regions"
NL,2020,Full electric car,intensity_electricity,8.185288e-07,TJ/vkm,"FULFILL_MARIO REF_0_2020 (Golinucci et al. 2025, Apache 2.0); z sum over origin regions"
NL,2020,Hydrogen car,intensity_hydrogen,1.161482e-05,t/vkm,"FULFILL_MARIO REF_0_2020 (Golinucci et al. 2025, Apache 2.0); z sum over origin regions"
NL,2020,LPG car,intensity_lpg,5.485533e-05,t/vkm,"FULFILL_MARIO REF_0_2020 (Golinucci et al. 2025, Apache 2.0); z sum over origin regions"
NL,2020,Methane car,intensity_gas,3.545470e-05,t/vkm,"FULFILL_MARIO REF_0_2020 (Golinucci et al. 2025, Apache 2.0); z sum over origin regions"
PL,2020,Diesel and gasoline car,intensity_liquid,4.941926e-05,t/vkm,"FULFILL_MARIO REF_0_2020 (Golinucci et al. 2025, Apache 2.0); z sum over origin regions"
PL,2020,Full electric car,intensity_electricity,7.959837e-07,TJ/vkm,"FULFILL_MARIO REF_0_2020 (Golinucci et al. 2025, Apache 2.0); z sum over origin regions"
PL,2020,Hydrogen car,intensity_hydrogen,1.128768e-05,t/vkm,"FULFILL_MARIO REF_0_2020 (Golinucci et al. 2025, Apache 2.0); z sum over origin regions"
PL,2020,LPG car,intensity_lpg,4.719268e-05,t/vkm,"FULFILL_MARIO REF_0_2020 (Golinucci et al. 2025, Apache 2.0); z sum over origin regions"
PL,2020,Methane car,intensity_gas,3.544734e-05,t/vkm,"FULFILL_MARIO REF_0_2020 (Golinucci et al. 2025, Apache 2.0); z sum over origin regions"
PT,2020,Diesel and gasoline car,intensity_liquid,5.241668e-05,t/vkm,"FULFILL_MARIO REF_0_2020 (Golinucci et al. 2025, Apache 2.0); z sum over origin regions"
PT,2020,Full electric car,intensity_electricity,1.021876e-06,TJ/vkm,"FULFILL_MARIO REF_0_2020 (Golinucci et al. 2025, Apache 2.0); z sum over origin regions"
PT,2020,Hydrogen car,intensity_hydrogen,1.393453e-05,t/vkm,"FULFILL_MARIO REF_0_2020 (Golinucci et al. 2025, Apache 2.0); z sum over origin regions"
PT,2020,LPG car,intensity_lpg,5.005505e-05,t/vkm,"FULFILL_MARIO REF_0_2020 (Golinucci et al. 2025, Apache 2.0); z sum over origin regions"
PT,2020,Methane car,intensity_gas,4.982042e-05,t/vkm,"FULFILL_MARIO REF_0_2020 (Golinucci et al. 2025, Apache 2.0); z sum over origin regions"
RO,2020,Diesel and gasoline car,intensity_liquid,6.716955e-05,t/vkm,"FULFILL_MARIO REF_0_2020 (Golinucci et al. 2025, Apache 2.0); z sum over origin regions"
RO,2020,Full electric car,intensity_electricity,7.758089e-07,TJ/vkm,"FULFILL_MARIO REF_0_2020 (Golinucci et al. 2025, Apache 2.0); z sum over origin regions"
RO,2020,Hydrogen car,intensity_hydrogen,1.100795e-05,t/vkm,"FULFILL_MARIO REF_0_2020 (Golinucci et al. 2025, Apache 2.0); z sum over origin regions"
RO,2020,LPG car,intensity_lpg,6.414323e-05,t/vkm,"FULFILL_MARIO REF_0_2020 (Golinucci et al. 2025, Apache 2.0); z sum over origin regions"
RO,2020,Methane car,intensity_gas,4.077467e-05,t/vkm,"FULFILL_MARIO REF_0_2020 (Golinucci et al. 2025, Apache 2.0); z sum over origin regions"
SE,2020,Diesel and gasoline car,intensity_liquid,5.913218e-05,t/vkm,"FULFILL_MARIO REF_0_2020 (Golinucci et al. 2025, Apache 2.0); z sum over origin regions"
SE,2020,Full electric car,intensity_electricity,6.420603e-07,TJ/vkm,"FULFILL_MARIO REF_0_2020 (Golinucci et al. 2025, Apache 2.0); z sum over origin regions"
SE,2020,Hydrogen car,intensity_hydrogen,1.451805e-05,t/vkm,"FULFILL_MARIO REF_0_2020 (Golinucci et al. 2025, Apache 2.0); z sum over origin regions"
SE,2020,LPG car,intensity_lpg,5.485795e-05,t/vkm,"FULFILL_MARIO REF_0_2020 (Golinucci et al. 2025, Apache 2.0); z sum over origin regions"
SE,2020,Methane car,intensity_gas,5.352759e-05,t/vkm,"FULFILL_MARIO REF_0_2020 (Golinucci et al. 2025, Apache 2.0); z sum over origin regions"
SI,2020,Diesel and gasoline car,intensity_liquid,5.241668e-05,t/vkm,"FULFILL_MARIO REF_0_2020 (Golinucci et al. 2025, Apache 2.0); z sum over origin regions"
SI,2020,Full electric car,intensity_electricity,1.021876e-06,TJ/vkm,"FULFILL_MARIO REF_0_2020 (Golinucci et al. 2025, Apache 2.0); z sum over origin regions"
SI,2020,Hydrogen car,intensity_hydrogen,1.393453e-05,t/vkm,"FULFILL_MARIO REF_0_2020 (Golinucci et al. 2025, Apache 2.0); z sum over origin regions"
SI,2020,LPG car,intensity_lpg,5.005505e-05,t/vkm,"FULFILL_MARIO REF_0_2020 (Golinucci et al. 2025, Apache 2.0); z sum over origin regions"
SI,2020,Methane car,intensity_gas,4.982042e-05,t/vkm,"FULFILL_MARIO REF_0_2020 (Golinucci et al. 2025, Apache 2.0); z sum over origin regions"
SK,2020,Diesel and gasoline car,intensity_liquid,5.241668e-05,t/vkm,"FULFILL_MARIO REF_0_2020 (Golinucci et al. 2025, Apache 2.0); z sum over origin regions"
SK,2020,Full electric car,intensity_electricity,1.021876e-06,TJ/vkm,"FULFILL_MARIO REF_0_2020 (Golinucci et al. 2025, Apache 2.0); z sum over origin regions"
SK,2020,Hydrogen car,intensity_hydrogen,1.393453e-05,t/vkm,"FULFILL_MARIO REF_0_2020 (Golinucci et al. 2025, Apache 2.0); z sum over origin regions"
SK,2020,LPG car,intensity_lpg,5.005505e-05,t/vkm,"FULFILL_MARIO REF_0_2020 (Golinucci et al. 2025, Apache 2.0); z sum over origin regions"
SK,2020,Methane car,intensity_gas,4.982042e-05,t/vkm,"FULFILL_MARIO REF_0_2020 (Golinucci et al. 2025, Apache 2.0); z sum over origin regions"
AT,2020,Diesel and gasoline car,market_share,0.984272,share of vkm,"FULFILL_MARIO REF_0_2020 (Golinucci et al. 2025, Apache 2.0); supply share into Car mobility"
AT,2020,LPG car,market_share,0.008218,share of vkm,"FULFILL_MARIO REF_0_2020 (Golinucci et al. 2025, Apache 2.0); supply share into Car mobility"
AT,2020,Methane car,market_share,0.000000,share of vkm,"FULFILL_MARIO REF_0_2020 (Golinucci et al. 2025, Apache 2.0); supply share into Car mobility"
AT,2020,Hydrogen car,market_share,0.000000,share of vkm,"FULFILL_MARIO REF_0_2020 (Golinucci et al. 2025, Apache 2.0); supply share into Car mobility"
AT,2020,Full electric car,market_share,0.007510,share of vkm,"FULFILL_MARIO REF_0_2020 (Golinucci et al. 2025, Apache 2.0); supply share into Car mobility"
BE,2020,Diesel and gasoline car,market_share,0.984272,share of vkm,"FULFILL_MARIO REF_0_2020 (Golinucci et al. 2025, Apache 2.0); supply share into Car mobility"
BE,2020,LPG car,market_share,0.008218,share of vkm,"FULFILL_MARIO REF_0_2020 (Golinucci et al. 2025, Apache 2.0); supply share into Car mobility"
BE,2020,Methane car,market_share,0.000000,share of vkm,"FULFILL_MARIO REF_0_2020 (Golinucci et al. 2025, Apache 2.0); supply share into Car mobility"
BE,2020,Hydrogen car,market_share,0.000000,share of vkm,"FULFILL_MARIO REF_0_2020 (Golinucci et al. 2025, Apache 2.0); supply share into Car mobility"
BE,2020,Full electric car,market_share,0.007510,share of vkm,"FULFILL_MARIO REF_0_2020 (Golinucci et al. 2025, Apache 2.0); supply share into Car mobility"
BG,2020,Diesel and gasoline car,market_share,0.998840,share of vkm,"FULFILL_MARIO REF_0_2020 (Golinucci et al. 2025, Apache 2.0); supply share into Car mobility"
BG,2020,LPG car,market_share,0.000000,share of vkm,"FULFILL_MARIO REF_0_2020 (Golinucci et al. 2025, Apache 2.0); supply share into Car mobility"
BG,2020,Methane car,market_share,0.000000,share of vkm,"FULFILL_MARIO REF_0_2020 (Golinucci et al. 2025, Apache 2.0); supply share into Car mobility"
BG,2020,Hydrogen car,market_share,0.000000,share of vkm,"FULFILL_MARIO REF_0_2020 (Golinucci et al. 2025, Apache 2.0); supply share into Car mobility"
BG,2020,Full electric car,market_share,0.001160,share of vkm,"FULFILL_MARIO REF_0_2020 (Golinucci et al. 2025, Apache 2.0); supply share into Car mobility"
HR,2020,Diesel and gasoline car,market_share,0.998840,share of vkm,"FULFILL_MARIO REF_0_2020 (Golinucci et al. 2025, Apache 2.0); supply share into Car mobility"
HR,2020,LPG car,market_share,0.000000,share of vkm,"FULFILL_MARIO REF_0_2020 (Golinucci et al. 2025, Apache 2.0); supply share into Car mobility"
HR,2020,Methane car,market_share,0.000000,share of vkm,"FULFILL_MARIO REF_0_2020 (Golinucci et al. 2025, Apache 2.0); supply share into Car mobility"
HR,2020,Hydrogen car,market_share,0.000000,share of vkm,"FULFILL_MARIO REF_0_2020 (Golinucci et al. 2025, Apache 2.0); supply share into Car mobility"
HR,2020,Full electric car,market_share,0.001160,share of vkm,"FULFILL_MARIO REF_0_2020 (Golinucci et al. 2025, Apache 2.0); supply share into Car mobility"
CY,2020,Diesel and gasoline car,market_share,0.990737,share of vkm,"FULFILL_MARIO REF_0_2020 (Golinucci et al. 2025, Apache 2.0); supply share into Car mobility"
CY,2020,LPG car,market_share,0.001937,share of vkm,"FULFILL_MARIO REF_0_2020 (Golinucci et al. 2025, Apache 2.0); supply share into Car mobility"
CY,2020,Methane car,market_share,0.000000,share of vkm,"FULFILL_MARIO REF_0_2020 (Golinucci et al. 2025, Apache 2.0); supply share into Car mobility"
CY,2020,Hydrogen car,market_share,0.000000,share of vkm,"FULFILL_MARIO REF_0_2020 (Golinucci et al. 2025, Apache 2.0); supply share into Car mobility"
CY,2020,Full electric car,market_share,0.007325,share of vkm,"FULFILL_MARIO REF_0_2020 (Golinucci et al. 2025, Apache 2.0); supply share into Car mobility"
CZ,2020,Diesel and gasoline car,market_share,0.998840,share of vkm,"FULFILL_MARIO REF_0_2020 (Golinucci et al. 2025, Apache 2.0); supply share into Car mobility"
CZ,2020,LPG car,market_share,0.000000,share of vkm,"FULFILL_MARIO REF_0_2020 (Golinucci et al. 2025, Apache 2.0); supply share into Car mobility"
CZ,2020,Methane car,market_share,0.000000,share of vkm,"FULFILL_MARIO REF_0_2020 (Golinucci et al. 2025, Apache 2.0); supply share into Car mobility"
CZ,2020,Hydrogen car,market_share,0.000000,share of vkm,"FULFILL_MARIO REF_0_2020 (Golinucci et al. 2025, Apache 2.0); supply share into Car mobility"
CZ,2020,Full electric car,market_share,0.001160,share of vkm,"FULFILL_MARIO REF_0_2020 (Golinucci et al. 2025, Apache 2.0); supply share into Car mobility"
DK,2020,Diesel and gasoline car,market_share,0.990151,share of vkm,"FULFILL_MARIO REF_0_2020 (Golinucci et al. 2025, Apache 2.0); supply share into Car mobility"
DK,2020,LPG car,market_share,0.000000,share of vkm,"FULFILL_MARIO REF_0_2020 (Golinucci et al. 2025, Apache 2.0); supply share into Car mobility"
DK,2020,Methane car,market_share,0.000052,share of vkm,"FULFILL_MARIO REF_0_2020 (Golinucci et al. 2025, Apache 2.0); supply share into Car mobility"
DK,2020,Hydrogen car,market_share,0.000000,share of vkm,"FULFILL_MARIO REF_0_2020 (Golinucci et al. 2025, Apache 2.0); supply share into Car mobility"
DK,2020,Full electric car,market_share,0.009768,share of vkm,"FULFILL_MARIO REF_0_2020 (Golinucci et al. 2025, Apache 2.0); supply share into Car mobility"
EE,2020,Diesel and gasoline car,market_share,0.988822,share of vkm,"FULFILL_MARIO REF_0_2020 (Golinucci et al. 2025, Apache 2.0); supply share into Car mobility"
EE,2020,LPG car,market_share,0.001933,share of vkm,"FULFILL_MARIO REF_0_2020 (Golinucci et al. 2025, Apache 2.0); supply share into Car mobility"
EE,2020,Methane car,market_share,0.001933,share of vkm,"FULFILL_MARIO REF_0_2020 (Golinucci et al. 2025, Apache 2.0); supply share into Car mobility"
EE,2020,Hydrogen car,market_share,0.000000,share of vkm,"FULFILL_MARIO REF_0_2020 (Golinucci et al. 2025, Apache 2.0); supply share into Car mobility"
EE,2020,Full electric car,market_share,0.007311,share of vkm,"FULFILL_MARIO REF_0_2020 (Golinucci et al. 2025, Apache 2.0); supply share into Car mobility"
FI,2020,Diesel and gasoline car,market_share,0.984272,share of vkm,"FULFILL_MARIO REF_0_2020 (Golinucci et al. 2025, Apache 2.0); supply share into Car mobility"
FI,2020,LPG car,market_share,0.008218,share of vkm,"FULFILL_MARIO REF_0_2020 (Golinucci et al. 2025, Apache 2.0); supply share into Car mobility"
FI,2020,Methane car,market_share,0.000000,share of vkm,"FULFILL_MARIO REF_0_2020 (Golinucci et al. 2025, Apache 2.0); supply share into Car mobility"
FI,2020,Hydrogen car,market_share,0.000000,share of vkm,"FULFILL_MARIO REF_0_2020 (Golinucci et al. 2025, Apache 2.0); supply share into Car mobility"
FI,2020,Full electric car,market_share,0.007510,share of vkm,"FULFILL_MARIO REF_0_2020 (Golinucci et al. 2025, Apache 2.0); supply share into Car mobility"
FR,2020,Diesel and gasoline car,market_share,0.988822,share of vkm,"FULFILL_MARIO REF_0_2020 (Golinucci et al. 2025, Apache 2.0); supply share into Car mobility"
FR,2020,LPG car,market_share,0.001933,share of vkm,"FULFILL_MARIO REF_0_2020 (Golinucci et al. 2025, Apache 2.0); supply share into Car mobility"
FR,2020,Methane car,market_share,0.001933,share of vkm,"FULFILL_MARIO REF_0_2020 (Golinucci et al. 2025, Apache 2.0); supply share into Car mobility"
FR,2020,Hydrogen car,market_share,0.000000,share of vkm,"FULFILL_MARIO REF_0_2020 (Golinucci et al. 2025, Apache 2.0); supply share into Car mobility"
FR,2020,Full electric car,market_share,0.007311,share of vkm,"FULFILL_MARIO REF_0_2020 (Golinucci et al. 2025, Apache 2.0); supply share into Car mobility"
DE,2020,Diesel and gasoline car,market_share,0.984272,share of vkm,"FULFILL_MARIO REF_0_2020 (Golinucci et al. 2025, Apache 2.0); supply share into Car mobility"
DE,2020,LPG car,market_share,0.008218,share of vkm,"FULFILL_MARIO REF_0_2020 (Golinucci et al. 2025, Apache 2.0); supply share into Car mobility"
DE,2020,Methane car,market_share,0.000000,share of vkm,"FULFILL_MARIO REF_0_2020 (Golinucci et al. 2025, Apache 2.0); supply share into Car mobility"
DE,2020,Hydrogen car,market_share,0.000000,share of vkm,"FULFILL_MARIO REF_0_2020 (Golinucci et al. 2025, Apache 2.0); supply share into Car mobility"
DE,2020,Full electric car,market_share,0.007510,share of vkm,"FULFILL_MARIO REF_0_2020 (Golinucci et al. 2025, Apache 2.0); supply share into Car mobility"
GR,2020,Diesel and gasoline car,market_share,0.998840,share of vkm,"FULFILL_MARIO REF_0_2020 (Golinucci et al. 2025, Apache 2.0); supply share into Car mobility"
GR,2020,LPG car,market_share,0.000000,share of vkm,"FULFILL_MARIO REF_0_2020 (Golinucci et al. 2025, Apache 2.0); supply share into Car mobility"
GR,2020,Methane car,market_share,0.000000,share of vkm,"FULFILL_MARIO REF_0_2020 (Golinucci et al. 2025, Apache 2.0); supply share into Car mobility"
GR,2020,Hydrogen car,market_share,0.000000,share of vkm,"FULFILL_MARIO REF_0_2020 (Golinucci et al. 2025, Apache 2.0); supply share into Car mobility"
GR,2020,Full electric car,market_share,0.001160,share of vkm,"FULFILL_MARIO REF_0_2020 (Golinucci et al. 2025, Apache 2.0); supply share into Car mobility"
HU,2020,Diesel and gasoline car,market_share,0.988822,share of vkm,"FULFILL_MARIO REF_0_2020 (Golinucci et al. 2025, Apache 2.0); supply share into Car mobility"
HU,2020,LPG car,market_share,0.001933,share of vkm,"FULFILL_MARIO REF_0_2020 (Golinucci et al. 2025, Apache 2.0); supply share into Car mobility"
HU,2020,Methane car,market_share,0.001933,share of vkm,"FULFILL_MARIO REF_0_2020 (Golinucci et al. 2025, Apache 2.0); supply share into Car mobility"
HU,2020,Hydrogen car,market_share,0.000000,share of vkm,"FULFILL_MARIO REF_0_2020 (Golinucci et al. 2025, Apache 2.0); supply share into Car mobility"
HU,2020,Full electric car,market_share,0.007311,share of vkm,"FULFILL_MARIO REF_0_2020 (Golinucci et al. 2025, Apache 2.0); supply share into Car mobility"
IE,2020,Diesel and gasoline car,market_share,0.988822,share of vkm,"FULFILL_MARIO REF_0_2020 (Golinucci et al. 2025, Apache 2.0); supply share into Car mobility"
IE,2020,LPG car,market_share,0.001933,share of vkm,"FULFILL_MARIO REF_0_2020 (Golinucci et al. 2025, Apache 2.0); supply share into Car mobility"
IE,2020,Methane car,market_share,0.001933,share of vkm,"FULFILL_MARIO REF_0_2020 (Golinucci et al. 2025, Apache 2.0); supply share into Car mobility"
IE,2020,Hydrogen car,market_share,0.000000,share of vkm,"FULFILL_MARIO REF_0_2020 (Golinucci et al. 2025, Apache 2.0); supply share into Car mobility"
IE,2020,Full electric car,market_share,0.007311,share of vkm,"FULFILL_MARIO REF_0_2020 (Golinucci et al. 2025, Apache 2.0); supply share into Car mobility"
IT,2020,Diesel and gasoline car,market_share,0.849850,share of vkm,"FULFILL_MARIO REF_0_2020 (Golinucci et al. 2025, Apache 2.0); supply share into Car mobility"
IT,2020,LPG car,market_share,0.097751,share of vkm,"FULFILL_MARIO REF_0_2020 (Golinucci et al. 2025, Apache 2.0); supply share into Car mobility"
IT,2020,Methane car,market_share,0.051344,share of vkm,"FULFILL_MARIO REF_0_2020 (Golinucci et al. 2025, Apache 2.0); supply share into Car mobility"
IT,2020,Hydrogen car,market_share,0.000000,share of vkm,"FULFILL_MARIO REF_0_2020 (Golinucci et al. 2025, Apache 2.0); supply share into Car mobility"
IT,2020,Full electric car,market_share,0.001056,share of vkm,"FULFILL_MARIO REF_0_2020 (Golinucci et al. 2025, Apache 2.0); supply share into Car mobility"
LV,2020,Diesel and gasoline car,market_share,0.998840,share of vkm,"FULFILL_MARIO REF_0_2020 (Golinucci et al. 2025, Apache 2.0); supply share into Car mobility"
LV,2020,LPG car,market_share,0.000000,share of vkm,"FULFILL_MARIO REF_0_2020 (Golinucci et al. 2025, Apache 2.0); supply share into Car mobility"
LV,2020,Methane car,market_share,0.000000,share of vkm,"FULFILL_MARIO REF_0_2020 (Golinucci et al. 2025, Apache 2.0); supply share into Car mobility"
LV,2020,Hydrogen car,market_share,0.000000,share of vkm,"FULFILL_MARIO REF_0_2020 (Golinucci et al. 2025, Apache 2.0); supply share into Car mobility"
LV,2020,Full electric car,market_share,0.001160,share of vkm,"FULFILL_MARIO REF_0_2020 (Golinucci et al. 2025, Apache 2.0); supply share into Car mobility"
LT,2020,Diesel and gasoline car,market_share,0.998840,share of vkm,"FULFILL_MARIO REF_0_2020 (Golinucci et al. 2025, Apache 2.0); supply share into Car mobility"
LT,2020,LPG car,market_share,0.000000,share of vkm,"FULFILL_MARIO REF_0_2020 (Golinucci et al. 2025, Apache 2.0); supply share into Car mobility"
LT,2020,Methane car,market_share,0.000000,share of vkm,"FULFILL_MARIO REF_0_2020 (Golinucci et al. 2025, Apache 2.0); supply share into Car mobility"
LT,2020,Hydrogen car,market_share,0.000000,share of vkm,"FULFILL_MARIO REF_0_2020 (Golinucci et al. 2025, Apache 2.0); supply share into Car mobility"
LT,2020,Full electric car,market_share,0.001160,share of vkm,"FULFILL_MARIO REF_0_2020 (Golinucci et al. 2025, Apache 2.0); supply share into Car mobility"
LU,2020,Diesel and gasoline car,market_share,0.990151,share of vkm,"FULFILL_MARIO REF_0_2020 (Golinucci et al. 2025, Apache 2.0); supply share into Car mobility"
LU,2020,LPG car,market_share,0.000000,share of vkm,"FULFILL_MARIO REF_0_2020 (Golinucci et al. 2025, Apache 2.0); supply share into Car mobility"
LU,2020,Methane car,market_share,0.000052,share of vkm,"FULFILL_MARIO REF_0_2020 (Golinucci et al. 2025, Apache 2.0); supply share into Car mobility"
LU,2020,Hydrogen car,market_share,0.000000,share of vkm,"FULFILL_MARIO REF_0_2020 (Golinucci et al. 2025, Apache 2.0); supply share into Car mobility"
LU,2020,Full electric car,market_share,0.009768,share of vkm,"FULFILL_MARIO REF_0_2020 (Golinucci et al. 2025, Apache 2.0); supply share into Car mobility"
MT,2020,Diesel and gasoline car,market_share,0.990737,share of vkm,"FULFILL_MARIO REF_0_2020 (Golinucci et al. 2025, Apache 2.0); supply share into Car mobility"
MT,2020,LPG car,market_share,0.001937,share of vkm,"FULFILL_MARIO REF_0_2020 (Golinucci et al. 2025, Apache 2.0); supply share into Car mobility"
MT,2020,Methane car,market_share,0.000000,share of vkm,"FULFILL_MARIO REF_0_2020 (Golinucci et al. 2025, Apache 2.0); supply share into Car mobility"
MT,2020,Hydrogen car,market_share,0.000000,share of vkm,"FULFILL_MARIO REF_0_2020 (Golinucci et al. 2025, Apache 2.0); supply share into Car mobility"
MT,2020,Full electric car,market_share,0.007325,share of vkm,"FULFILL_MARIO REF_0_2020 (Golinucci et al. 2025, Apache 2.0); supply share into Car mobility"
NL,2020,Diesel and gasoline car,market_share,0.984272,share of vkm,"FULFILL_MARIO REF_0_2020 (Golinucci et al. 2025, Apache 2.0); supply share into Car mobility"
NL,2020,LPG car,market_share,0.008218,share of vkm,"FULFILL_MARIO REF_0_2020 (Golinucci et al. 2025, Apache 2.0); supply share into Car mobility"
NL,2020,Methane car,market_share,0.000000,share of vkm,"FULFILL_MARIO REF_0_2020 (Golinucci et al. 2025, Apache 2.0); supply share into Car mobility"
NL,2020,Hydrogen car,market_share,0.000000,share of vkm,"FULFILL_MARIO REF_0_2020 (Golinucci et al. 2025, Apache 2.0); supply share into Car mobility"
NL,2020,Full electric car,market_share,0.007510,share of vkm,"FULFILL_MARIO REF_0_2020 (Golinucci et al. 2025, Apache 2.0); supply share into Car mobility"
PL,2020,Diesel and gasoline car,market_share,0.849850,share of vkm,"FULFILL_MARIO REF_0_2020 (Golinucci et al. 2025, Apache 2.0); supply share into Car mobility"
PL,2020,LPG car,market_share,0.097751,share of vkm,"FULFILL_MARIO REF_0_2020 (Golinucci et al. 2025, Apache 2.0); supply share into Car mobility"
PL,2020,Methane car,market_share,0.051344,share of vkm,"FULFILL_MARIO REF_0_2020 (Golinucci et al. 2025, Apache 2.0); supply share into Car mobility"
PL,2020,Hydrogen car,market_share,0.000000,share of vkm,"FULFILL_MARIO REF_0_2020 (Golinucci et al. 2025, Apache 2.0); supply share into Car mobility"
PL,2020,Full electric car,market_share,0.001056,share of vkm,"FULFILL_MARIO REF_0_2020 (Golinucci et al. 2025, Apache 2.0); supply share into Car mobility"
PT,2020,Diesel and gasoline car,market_share,0.988822,share of vkm,"FULFILL_MARIO REF_0_2020 (Golinucci et al. 2025, Apache 2.0); supply share into Car mobility"
PT,2020,LPG car,market_share,0.001933,share of vkm,"FULFILL_MARIO REF_0_2020 (Golinucci et al. 2025, Apache 2.0); supply share into Car mobility"
PT,2020,Methane car,market_share,0.001933,share of vkm,"FULFILL_MARIO REF_0_2020 (Golinucci et al. 2025, Apache 2.0); supply share into Car mobility"
PT,2020,Hydrogen car,market_share,0.000000,share of vkm,"FULFILL_MARIO REF_0_2020 (Golinucci et al. 2025, Apache 2.0); supply share into Car mobility"
PT,2020,Full electric car,market_share,0.007311,share of vkm,"FULFILL_MARIO REF_0_2020 (Golinucci et al. 2025, Apache 2.0); supply share into Car mobility"
RO,2020,Diesel and gasoline car,market_share,0.998840,share of vkm,"FULFILL_MARIO REF_0_2020 (Golinucci et al. 2025, Apache 2.0); supply share into Car mobility"
RO,2020,LPG car,market_share,0.000000,share of vkm,"FULFILL_MARIO REF_0_2020 (Golinucci et al. 2025, Apache 2.0); supply share into Car mobility"
RO,2020,Methane car,market_share,0.000000,share of vkm,"FULFILL_MARIO REF_0_2020 (Golinucci et al. 2025, Apache 2.0); supply share into Car mobility"
RO,2020,Hydrogen car,market_share,0.000000,share of vkm,"FULFILL_MARIO REF_0_2020 (Golinucci et al. 2025, Apache 2.0); supply share into Car mobility"
RO,2020,Full electric car,market_share,0.001160,share of vkm,"FULFILL_MARIO REF_0_2020 (Golinucci et al. 2025, Apache 2.0); supply share into Car mobility"
SK,2020,Diesel and gasoline car,market_share,0.988822,share of vkm,"FULFILL_MARIO REF_0_2020 (Golinucci et al. 2025, Apache 2.0); supply share into Car mobility"
SK,2020,LPG car,market_share,0.001933,share of vkm,"FULFILL_MARIO REF_0_2020 (Golinucci et al. 2025, Apache 2.0); supply share into Car mobility"
SK,2020,Methane car,market_share,0.001933,share of vkm,"FULFILL_MARIO REF_0_2020 (Golinucci et al. 2025, Apache 2.0); supply share into Car mobility"
SK,2020,Hydrogen car,market_share,0.000000,share of vkm,"FULFILL_MARIO REF_0_2020 (Golinucci et al. 2025, Apache 2.0); supply share into Car mobility"
SK,2020,Full electric car,market_share,0.007311,share of vkm,"FULFILL_MARIO REF_0_2020 (Golinucci et al. 2025, Apache 2.0); supply share into Car mobility"
SI,2020,Diesel and gasoline car,market_share,0.988822,share of vkm,"FULFILL_MARIO REF_0_2020 (Golinucci et al. 2025, Apache 2.0); supply share into Car mobility"
SI,2020,LPG car,market_share,0.001933,share of vkm,"FULFILL_MARIO REF_0_2020 (Golinucci et al. 2025, Apache 2.0); supply share into Car mobility"
SI,2020,Methane car,market_share,0.001933,share of vkm,"FULFILL_MARIO REF_0_2020 (Golinucci et al. 2025, Apache 2.0); supply share into Car mobility"
SI,2020,Hydrogen car,market_share,0.000000,share of vkm,"FULFILL_MARIO REF_0_2020 (Golinucci et al. 2025, Apache 2.0); supply share into Car mobility"
SI,2020,Full electric car,market_share,0.007311,share of vkm,"FULFILL_MARIO REF_0_2020 (Golinucci et al. 2025, Apache 2.0); supply share into Car mobility"
ES,2020,Diesel and gasoline car,market_share,0.988822,share of vkm,"FULFILL_MARIO REF_0_2020 (Golinucci et al. 2025, Apache 2.0); supply share into Car mobility"
ES,2020,LPG car,market_share,0.001933,share of vkm,"FULFILL_MARIO REF_0_2020 (Golinucci et al. 2025, Apache 2.0); supply share into Car mobility"
ES,2020,Methane car,market_share,0.001933,share of vkm,"FULFILL_MARIO REF_0_2020 (Golinucci et al. 2025, Apache 2.0); supply share into Car mobility"
ES,2020,Hydrogen car,market_share,0.000000,share of vkm,"FULFILL_MARIO REF_0_2020 (Golinucci et al. 2025, Apache 2.0); supply share into Car mobility"
ES,2020,Full electric car,market_share,0.007311,share of vkm,"FULFILL_MARIO REF_0_2020 (Golinucci et al. 2025, Apache 2.0); supply share into Car mobility"
SE,2020,Diesel and gasoline car,market_share,0.990151,share of vkm,"FULFILL_MARIO REF_0_2020 (Golinucci et al. 2025, Apache 2.0); supply share into Car mobility"
SE,2020,LPG car,market_share,0.000000,share of vkm,"FULFILL_MARIO REF_0_2020 (Golinucci et al. 2025, Apache 2.0); supply share into Car mobility"
SE,2020,Methane car,market_share,0.000052,share of vkm,"FULFILL_MARIO REF_0_2020 (Golinucci et al. 2025, Apache 2.0); supply share into Car mobility"
SE,2020,Hydrogen car,market_share,0.000000,share of vkm,"FULFILL_MARIO REF_0_2020 (Golinucci et al. 2025, Apache 2.0); supply share into Car mobility"
SE,2020,Full electric car,market_share,0.009768,share of vkm,"FULFILL_MARIO REF_0_2020 (Golinucci et al. 2025, Apache 2.0); supply share into Car mobility"
AT,2025,Diesel and gasoline car,intensity_liquid,5.079599e-05,t/vkm,"FULFILL_MARIO REF_0_2025 (Golinucci et al. 2025, Apache 2.0); z sum over origin regions"
AT,2025,Full electric car,intensity_electricity,7.758319e-07,TJ/vkm,"FULFILL_MARIO REF_0_2025 (Golinucci et al. 2025, Apache 2.0); z sum over origin regions"
AT,2025,Hydrogen car,intensity_hydrogen,1.097998e-05,t/vkm,"FULFILL_MARIO REF_0_2025 (Golinucci et al. 2025, Apache 2.0); z sum over origin regions"
AT,2025,LPG car,intensity_lpg,4.850738e-05,t/vkm,"FULFILL_MARIO REF_0_2025 (Golinucci et al. 2025, Apache 2.0); z sum over origin regions"
AT,2025,Methane car,intensity_gas,3.425758e-05,t/vkm,"FULFILL_MARIO REF_0_2025 (Golinucci et al. 2025, Apache 2.0); z sum over origin regions"
BE,2025,Diesel and gasoline car,intensity_liquid,5.079599e-05,t/vkm,"FULFILL_MARIO REF_0_2025 (Golinucci et al. 2025, Apache 2.0); z sum over origin regions"
BE,2025,Full electric car,intensity_electricity,7.758319e-07,TJ/vkm,"FULFILL_MARIO REF_0_2025 (Golinucci et al. 2025, Apache 2.0); z sum over origin regions"
BE,2025,Hydrogen car,intensity_hydrogen,1.097998e-05,t/vkm,"FULFILL_MARIO REF_0_2025 (Golinucci et al. 2025, Apache 2.0); z sum over origin regions"
BE,2025,LPG car,intensity_lpg,4.850738e-05,t/vkm,"FULFILL_MARIO REF_0_2025 (Golinucci et al. 2025, Apache 2.0); z sum over origin regions"
BE,2025,Methane car,intensity_gas,3.425758e-05,t/vkm,"FULFILL_MARIO REF_0_2025 (Golinucci et al. 2025, Apache 2.0); z sum over origin regions"
BG,2025,Diesel and gasoline car,intensity_liquid,6.003945e-05,t/vkm,"FULFILL_MARIO REF_0_2025 (Golinucci et al. 2025, Apache 2.0); z sum over origin regions"
BG,2025,Full electric car,intensity_electricity,7.772924e-07,TJ/vkm,"FULFILL_MARIO REF_0_2025 (Golinucci et al. 2025, Apache 2.0); z sum over origin regions"
BG,2025,Hydrogen car,intensity_hydrogen,1.101039e-05,t/vkm,"FULFILL_MARIO REF_0_2025 (Golinucci et al. 2025, Apache 2.0); z sum over origin regions"
BG,2025,LPG car,intensity_lpg,5.733438e-05,t/vkm,"FULFILL_MARIO REF_0_2025 (Golinucci et al. 2025, Apache 2.0); z sum over origin regions"
BG,2025,Methane car,intensity_gas,3.868674e-05,t/vkm,"FULFILL_MARIO REF_0_2025 (Golinucci et al. 2025, Apache 2.0); z sum over origin regions"
CY,2025,Diesel and gasoline car,intensity_liquid,4.675036e-05,t/vkm,"FULFILL_MARIO REF_0_2025 (Golinucci et al. 2025, Apache 2.0); z sum over origin regions"
CY,2025,Full electric car,intensity_electricity,8.780076e-07,TJ/vkm,"FULFILL_MARIO REF_0_2025 (Golinucci et al. 2025, Apache 2.0); z sum over origin regions"
CY,2025,Hydrogen car,intensity_hydrogen,1.190485e-05,t/vkm,"FULFILL_MARIO REF_0_2025 (Golinucci et al. 2025, Apache 2.0); z sum over origin regions"
CY,2025,LPG car,intensity_lpg,8.928805e-05,t/vkm,"FULFILL_MARIO REF_0_2025 (Golinucci et al. 2025, Apache 2.0); z sum over origin regions"
CZ,2025,Diesel and gasoline car,intensity_liquid,6.003945e-05,t/vkm,"FULFILL_MARIO REF_0_2025 (Golinucci et al. 2025, Apache 2.0); z sum over origin regions"
CZ,2025,Full electric car,intensity_electricity,7.772924e-07,TJ/vkm,"FULFILL_MARIO REF_0_2025 (Golinucci et al. 2025, Apache 2.0); z sum over origin regions"
CZ,2025,Hydrogen car,intensity_hydrogen,1.101039e-05,t/vkm,"FULFILL_MARIO REF_0_2025 (Golinucci et al. 2025, Apache 2.0); z sum over origin regions"
CZ,2025,LPG car,intensity_lpg,5.733438e-05,t/vkm,"FULFILL_MARIO REF_0_2025 (Golinucci et al. 2025, Apache 2.0); z sum over origin regions"
CZ,2025,Methane car,intensity_gas,3.868674e-05,t/vkm,"FULFILL_MARIO REF_0_2025 (Golinucci et al. 2025, Apache 2.0); z sum over origin regions"
DE,2025,Diesel and gasoline car,intensity_liquid,5.079599e-05,t/vkm,"FULFILL_MARIO REF_0_2025 (Golinucci et al. 2025, Apache 2.0); z sum over origin regions"
DE,2025,Full electric car,intensity_electricity,7.758319e-07,TJ/vkm,"FULFILL_MARIO REF_0_2025 (Golinucci et al. 2025, Apache 2.0); z sum over origin regions"
DE,2025,Hydrogen car,intensity_hydrogen,1.097998e-05,t/vkm,"FULFILL_MARIO REF_0_2025 (Golinucci et al. 2025, Apache 2.0); z sum over origin regions"
DE,2025,LPG car,intensity_lpg,4.850738e-05,t/vkm,"FULFILL_MARIO REF_0_2025 (Golinucci et al. 2025, Apache 2.0); z sum over origin regions"
DE,2025,Methane car,intensity_gas,3.425758e-05,t/vkm,"FULFILL_MARIO REF_0_2025 (Golinucci et al. 2025, Apache 2.0); z sum over origin regions"
DK,2025,Diesel and gasoline car,intensity_liquid,5.635999e-05,t/vkm,"FULFILL_MARIO REF_0_2025 (Golinucci et al. 2025, Apache 2.0); z sum over origin regions"
DK,2025,Full electric car,intensity_electricity,5.957581e-07,TJ/vkm,"FULFILL_MARIO REF_0_2025 (Golinucci et al. 2025, Apache 2.0); z sum over origin regions"
DK,2025,Hydrogen car,intensity_hydrogen,1.269237e-05,t/vkm,"FULFILL_MARIO REF_0_2025 (Golinucci et al. 2025, Apache 2.0); z sum over origin regions"
DK,2025,LPG car,intensity_lpg,4.846369e-05,t/vkm,"FULFILL_MARIO REF_0_2025 (Golinucci et al. 2025, Apache 2.0); z sum over origin regions"
DK,2025,Methane car,intensity_gas,4.780671e-05,t/vkm,"FULFILL_MARIO REF_0_2025 (Golinucci et al. 2025, Apache 2.0); z sum over origin regions"
EE,2025,Diesel and gasoline car,intensity_liquid,4.675036e-05,t/vkm,"FULFILL_MARIO REF_0_2025 (Golinucci et al. 2025, Apache 2.0); z sum over origin regions"
EE,2025,Full electric car,intensity_electricity,8.780076e-07,TJ/vkm,"FULFILL_MARIO REF_0_2025 (Golinucci et al. 2025, Apache 2.0); z sum over origin regions"
EE,2025,Hydrogen car,intensity_hydrogen,1.190485e-05,t/vkm,"FULFILL_MARIO REF_0_2025 (Golinucci et al. 2025, Apache 2.0); z sum over origin regions"
EE,2025,LPG car,intensity_lpg,4.464402e-05,t/vkm,"FULFILL_MARIO REF_0_2025 (Golinucci et al. 2025, Apache 2.0); z sum over origin regions"
EE,2025,Methane car,intensity_gas,4.443476e-05,t/vkm,"FULFILL_MARIO REF_0_2025 (Golinucci et al. 2025, Apache 2.0); z sum over origin regions"
ES,2025,Diesel and gasoline car,intensity_liquid,4.675036e-05,t/vkm,"FULFILL_MARIO REF_0_2025 (Golinucci et al. 2025, Apache 2.0); z sum over origin regions"
ES,2025,Full electric car,intensity_electricity,8.780076e-07,TJ/vkm,"FULFILL_MARIO REF_0_2025 (Golinucci et al. 2025, Apache 2.0); z sum over origin regions"
ES,2025,Hydrogen car,intensity_hydrogen,1.190485e-05,t/vkm,"FULFILL_MARIO REF_0_2025 (Golinucci et al. 2025, Apache 2.0); z sum over origin regions"
ES,2025,LPG car,intensity_lpg,4.464402e-05,t/vkm,"FULFILL_MARIO REF_0_2025 (Golinucci et al. 2025, Apache 2.0); z sum over origin regions"
ES,2025,Methane car,intensity_gas,4.443476e-05,t/vkm,"FULFILL_MARIO REF_0_2025 (Golinucci et al. 2025, Apache 2.0); z sum over origin regions"
FI,2025,Diesel and gasoline car,intensity_liquid,5.079599e-05,t/vkm,"FULFILL_MARIO REF_0_2025 (Golinucci et al. 2025, Apache 2.0); z sum over origin regions"
FI,2025,Full electric car,intensity_electricity,7.758319e-07,TJ/vkm,"FULFILL_MARIO REF_0_2025 (Golinucci et al. 2025, Apache 2.0); z sum over origin regions"
FI,2025,Hydrogen car,intensity_hydrogen,1.097998e-05,t/vkm,"FULFILL_MARIO REF_0_2025 (Golinucci et al. 2025, Apache 2.0); z sum over origin regions"
FI,2025,LPG car,intensity_lpg,4.850738e-05,t/vkm,"FULFILL_MARIO REF_0_2025 (Golinucci et al. 2025, Apache 2.0); z sum over origin regions"
FI,2025,Methane car,intensity_gas,3.425758e-05,t/vkm,"FULFILL_MARIO REF_0_2025 (Golinucci et al. 2025, Apache 2.0); z sum over origin regions"
FR,2025,Diesel and gasoline car,intensity_liquid,4.675036e-05,t/vkm,"FULFILL_MARIO REF_0_2025 (Golinucci et al. 2025, Apache 2.0); z sum over origin regions"
FR,2025,Full electric car,intensity_electricity,8.780076e-07,TJ/vkm,"FULFILL_MARIO REF_0_2025 (Golinucci et al. 2025, Apache 2.0); z sum over origin regions"
FR,2025,Hydrogen car,intensity_hydrogen,1.190485e-05,t/vkm,"FULFILL_MARIO REF_0_2025 (Golinucci et al. 2025, Apache 2.0); z sum over origin regions"
FR,2025,LPG car,intensity_lpg,4.464402e-05,t/vkm,"FULFILL_MARIO REF_0_2025 (Golinucci et al. 2025, Apache 2.0); z sum over origin regions"
FR,2025,Methane car,intensity_gas,4.443476e-05,t/vkm,"FULFILL_MARIO REF_0_2025 (Golinucci et al. 2025, Apache 2.0); z sum over origin regions"
GR,2025,Diesel and gasoline car,intensity_liquid,6.003945e-05,t/vkm,"FULFILL_MARIO REF_0_2025 (Golinucci et al. 2025, Apache 2.0); z sum over origin regions"
GR,2025,Full electric car,intensity_electricity,7.772924e-07,TJ/vkm,"FULFILL_MARIO REF_0_2025 (Golinucci et al. 2025, Apache 2.0); z sum over origin regions"
GR,2025,Hydrogen car,intensity_hydrogen,1.101039e-05,t/vkm,"FULFILL_MARIO REF_0_2025 (Golinucci et al. 2025, Apache 2.0); z sum over origin regions"
GR,2025,LPG car,intensity_lpg,5.733438e-05,t/vkm,"FULFILL_MARIO REF_0_2025 (Golinucci et al. 2025, Apache 2.0); z sum over origin regions"
GR,2025,Methane car,intensity_gas,3.868674e-05,t/vkm,"FULFILL_MARIO REF_0_2025 (Golinucci et al. 2025, Apache 2.0); z sum over origin regions"
HR,2025,Diesel and gasoline car,intensity_liquid,6.003945e-05,t/vkm,"FULFILL_MARIO REF_0_2025 (Golinucci et al. 2025, Apache 2.0); z sum over origin regions"
HR,2025,Full electric car,intensity_electricity,7.772924e-07,TJ/vkm,"FULFILL_MARIO REF_0_2025 (Golinucci et al. 2025, Apache 2.0); z sum over origin regions"
HR,2025,Hydrogen car,intensity_hydrogen,1.101039e-05,t/vkm,"FULFILL_MARIO REF_0_2025 (Golinucci et al. 2025, Apache 2.0); z sum over origin regions"
HR,2025,LPG car,intensity_lpg,5.733438e-05,t/vkm,"FULFILL_MARIO REF_0_2025 (Golinucci et al. 2025, Apache 2.0); z sum over origin regions"
HR,2025,Methane car,intensity_gas,3.868674e-05,t/vkm,"FULFILL_MARIO REF_0_2025 (Golinucci et al. 2025, Apache 2.0); z sum over origin regions"
HU,2025,Diesel and gasoline car,intensity_liquid,4.675036e-05,t/vkm,"FULFILL_MARIO REF_0_2025 (Golinucci et al. 2025, Apache 2.0); z sum over origin regions"
HU,2025,Full electric car,intensity_electricity,8.780076e-07,TJ/vkm,"FULFILL_MARIO REF_0_2025 (Golinucci et al. 2025, Apache 2.0); z sum over origin regions"
HU,2025,Hydrogen car,intensity_hydrogen,1.190485e-05,t/vkm,"FULFILL_MARIO REF_0_2025 (Golinucci et al. 2025, Apache 2.0); z sum over origin regions"
HU,2025,LPG car,intensity_lpg,4.464402e-05,t/vkm,"FULFILL_MARIO REF_0_2025 (Golinucci et al. 2025, Apache 2.0); z sum over origin regions"
HU,2025,Methane car,intensity_gas,4.443476e-05,t/vkm,"FULFILL_MARIO REF_0_2025 (Golinucci et al. 2025, Apache 2.0); z sum over origin regions"
IE,2025,Diesel and gasoline car,intensity_liquid,4.675036e-05,t/vkm,"FULFILL_MARIO REF_0_2025 (Golinucci et al. 2025, Apache 2.0); z sum over origin regions"
IE,2025,Full electric car,intensity_electricity,8.780076e-07,TJ/vkm,"FULFILL_MARIO REF_0_2025 (Golinucci et al. 2025, Apache 2.0); z sum over origin regions"
IE,2025,Hydrogen car,intensity_hydrogen,1.190485e-05,t/vkm,"FULFILL_MARIO REF_0_2025 (Golinucci et al. 2025, Apache 2.0); z sum over origin regions"
IE,2025,LPG car,intensity_lpg,4.464402e-05,t/vkm,"FULFILL_MARIO REF_0_2025 (Golinucci et al. 2025, Apache 2.0); z sum over origin regions"
IE,2025,Methane car,intensity_gas,4.443476e-05,t/vkm,"FULFILL_MARIO REF_0_2025 (Golinucci et al. 2025, Apache 2.0); z sum over origin regions"
IT,2025,Diesel and gasoline car,intensity_liquid,4.519891e-05,t/vkm,"FULFILL_MARIO REF_0_2025 (Golinucci et al. 2025, Apache 2.0); z sum over origin regions"
IT,2025,Full electric car,intensity_electricity,7.758376e-07,TJ/vkm,"FULFILL_MARIO REF_0_2025 (Golinucci et al. 2025, Apache 2.0); z sum over origin regions"
IT,2025,Hydrogen car,intensity_hydrogen,1.095738e-05,t/vkm,"FULFILL_MARIO REF_0_2025 (Golinucci et al. 2025, Apache 2.0); z sum over origin regions"
IT,2025,LPG car,intensity_lpg,4.316248e-05,t/vkm,"FULFILL_MARIO REF_0_2025 (Golinucci et al. 2025, Apache 2.0); z sum over origin regions"
IT,2025,Methane car,intensity_gas,3.446044e-05,t/vkm,"FULFILL_MARIO REF_0_2025 (Golinucci et al. 2025, Apache 2.0); z sum over origin regions"
LT,2025,Diesel and gasoline car,intensity_liquid,6.003945e-05,t/vkm,"FULFILL_MARIO REF_0_2025 (Golinucci et al. 2025, Apache 2.0); z sum over origin regions"
LT,2025,Full electric car,intensity_electricity,7.772924e-07,TJ/vkm,"FULFILL_MARIO REF_0_2025 (Golinucci et al. 2025, Apache 2.0); z sum over origin regions"
LT,2025,Hydrogen car,intensity_hydrogen,1.101039e-05,t/vkm,"FULFILL_MARIO REF_0_2025 (Golinucci et al. 2025, Apache 2.0); z sum over origin regions"
LT,2025,LPG car,intensity_lpg,5.733438e-05,t/vkm,"FULFILL_MARIO REF_0_2025 (Golinucci et al. 2025, Apache 2.0); z sum over origin regions"
LT,2025,Methane car,intensity_gas,3.868674e-05,t/vkm,"FULFILL_MARIO REF_0_2025 (Golinucci et al. 2025, Apache 2.0); z sum over origin regions"
LU,2025,Diesel and gasoline car,intensity_liquid,5.635999e-05,t/vkm,"FULFILL_MARIO REF_0_2025 (Golinucci et al. 2025, Apache 2.0); z sum over origin regions"
LU,2025,Full electric car,intensity_electricity,5.957581e-07,TJ/vkm,"FULFILL_MARIO REF_0_2025 (Golinucci et al. 2025, Apache 2.0); z sum over origin regions"
LU,2025,Hydrogen car,intensity_hydrogen,1.269237e-05,t/vkm,"FULFILL_MARIO REF_0_2025 (Golinucci et al. 2025, Apache 2.0); z sum over origin regions"
LU,2025,LPG car,intensity_lpg,4.846369e-05,t/vkm,"FULFILL_MARIO REF_0_2025 (Golinucci et al. 2025, Apache 2.0); z sum over origin regions"
LU,2025,Methane car,intensity_gas,4.780671e-05,t/vkm,"FULFILL_MARIO REF_0_2025 (Golinucci et al. 2025, Apache 2.0); z sum over origin regions"
LV,2025,Diesel and gasoline car,intensity_liquid,6.003945e-05,t/vkm,"FULFILL_MARIO REF_0_2025 (Golinucci et al. 2025, Apache 2.0); z sum over origin regions"
LV,2025,Full electric car,intensity_electricity,7.772924e-07,TJ/vkm,"FULFILL_MARIO REF_0_2025 (Golinucci et al. 2025, Apache 2.0); z sum over origin regions"
LV,2025,Hydrogen car,intensity_hydrogen,1.101039e-05,t/vkm,"FULFILL_MARIO REF_0_2025 (Golinucci et al. 2025, Apache 2.0); z sum over origin regions"
LV,2025,LPG car,intensity_lpg,5.733438e-05,t/vkm,"FULFILL_MARIO REF_0_2025 (Golinucci et al. 2025, Apache 2.0); z sum over origin regions"
LV,2025,Methane car,intensity_gas,3.868674e-05,t/vkm,"FULFILL_MARIO REF_0_2025 (Golinucci et al. 2025, Apache 2.0); z sum over origin regions"
MT,2025,Diesel and gasoline car,intensity_liquid,4.675036e-05,t/vkm,"FULFILL_MARIO REF_0_2025 (Golinucci et al. 2025, Apache 2.0); z sum over origin regions"
MT,2025,Full electric car,intensity_electricity,8.780076e-07,TJ/vkm,"FULFILL_MARIO REF_0_2025 (Golinucci et al. 2025, Apache 2.0); z sum over origin regions"
MT,2025,Hydrogen car,intensity_hydrogen,1.190485e-05,t/vkm,"FULFILL_MARIO REF_0_2025 (Golinucci et al. 2025, Apache 2.0); z sum over origin regions"
MT,2025,LPG car,intensity_lpg,8.928805e-05,t/vkm,"FULFILL_MARIO REF_0_2025 (Golinucci et al. 2025, Apache 2.0); z sum over origin regions"
NL,2025,Diesel and gasoline car,intensity_liquid,5.079599e-05,t/vkm,"FULFILL_MARIO REF_0_2025 (Golinucci et al. 2025, Apache 2.0); z sum over origin regions"
NL,2025,Full electric car,intensity_electricity,7.758319e-07,TJ/vkm,"FULFILL_MARIO REF_0_2025 (Golinucci et al. 2025, Apache 2.0); z sum over origin regions"
NL,2025,Hydrogen car,intensity_hydrogen,1.097998e-05,t/vkm,"FULFILL_MARIO REF_0_2025 (Golinucci et al. 2025, Apache 2.0); z sum over origin regions"
NL,2025,LPG car,intensity_lpg,4.850738e-05,t/vkm,"FULFILL_MARIO REF_0_2025 (Golinucci et al. 2025, Apache 2.0); z sum over origin regions"
NL,2025,Methane car,intensity_gas,3.425758e-05,t/vkm,"FULFILL_MARIO REF_0_2025 (Golinucci et al. 2025, Apache 2.0); z sum over origin regions"
PL,2025,Diesel and gasoline car,intensity_liquid,4.519891e-05,t/vkm,"FULFILL_MARIO REF_0_2025 (Golinucci et al. 2025, Apache 2.0); z sum over origin regions"
PL,2025,Full electric car,intensity_electricity,7.758376e-07,TJ/vkm,"FULFILL_MARIO REF_0_2025 (Golinucci et al. 2025, Apache 2.0); z sum over origin regions"
PL,2025,Hydrogen car,intensity_hydrogen,1.095738e-05,t/vkm,"FULFILL_MARIO REF_0_2025 (Golinucci et al. 2025, Apache 2.0); z sum over origin regions"
PL,2025,LPG car,intensity_lpg,4.316248e-05,t/vkm,"FULFILL_MARIO REF_0_2025 (Golinucci et al. 2025, Apache 2.0); z sum over origin regions"
PL,2025,Methane car,intensity_gas,3.446044e-05,t/vkm,"FULFILL_MARIO REF_0_2025 (Golinucci et al. 2025, Apache 2.0); z sum over origin regions"
PT,2025,Diesel and gasoline car,intensity_liquid,4.675036e-05,t/vkm,"FULFILL_MARIO REF_0_2025 (Golinucci et al. 2025, Apache 2.0); z sum over origin regions"
PT,2025,Full electric car,intensity_electricity,8.780076e-07,TJ/vkm,"FULFILL_MARIO REF_0_2025 (Golinucci et al. 2025, Apache 2.0); z sum over origin regions"
PT,2025,Hydrogen car,intensity_hydrogen,1.190485e-05,t/vkm,"FULFILL_MARIO REF_0_2025 (Golinucci et al. 2025, Apache 2.0); z sum over origin regions"
PT,2025,LPG car,intensity_lpg,4.464402e-05,t/vkm,"FULFILL_MARIO REF_0_2025 (Golinucci et al. 2025, Apache 2.0); z sum over origin regions"
PT,2025,Methane car,intensity_gas,4.443476e-05,t/vkm,"FULFILL_MARIO REF_0_2025 (Golinucci et al. 2025, Apache 2.0); z sum over origin regions"
RO,2025,Diesel and gasoline car,intensity_liquid,6.003945e-05,t/vkm,"FULFILL_MARIO REF_0_2025 (Golinucci et al. 2025, Apache 2.0); z sum over origin regions"
RO,2025,Full electric car,intensity_electricity,7.772924e-07,TJ/vkm,"FULFILL_MARIO REF_0_2025 (Golinucci et al. 2025, Apache 2.0); z sum over origin regions"
RO,2025,Hydrogen car,intensity_hydrogen,1.101039e-05,t/vkm,"FULFILL_MARIO REF_0_2025 (Golinucci et al. 2025, Apache 2.0); z sum over origin regions"
RO,2025,LPG car,intensity_lpg,5.733438e-05,t/vkm,"FULFILL_MARIO REF_0_2025 (Golinucci et al. 2025, Apache 2.0); z sum over origin regions"
RO,2025,Methane car,intensity_gas,3.868674e-05,t/vkm,"FULFILL_MARIO REF_0_2025 (Golinucci et al. 2025, Apache 2.0); z sum over origin regions"
SE,2025,Diesel and gasoline car,intensity_liquid,5.635999e-05,t/vkm,"FULFILL_MARIO REF_0_2025 (Golinucci et al. 2025, Apache 2.0); z sum over origin regions"
SE,2025,Full electric car,intensity_electricity,5.957581e-07,TJ/vkm,"FULFILL_MARIO REF_0_2025 (Golinucci et al. 2025, Apache 2.0); z sum over origin regions"
SE,2025,Hydrogen car,intensity_hydrogen,1.269237e-05,t/vkm,"FULFILL_MARIO REF_0_2025 (Golinucci et al. 2025, Apache 2.0); z sum over origin regions"
SE,2025,LPG car,intensity_lpg,4.846369e-05,t/vkm,"FULFILL_MARIO REF_0_2025 (Golinucci et al. 2025, Apache 2.0); z sum over origin regions"
SE,2025,Methane car,intensity_gas,4.780671e-05,t/vkm,"FULFILL_MARIO REF_0_2025 (Golinucci et al. 2025, Apache 2.0); z sum over origin regions"
SI,2025,Diesel and gasoline car,intensity_liquid,4.675036e-05,t/vkm,"FULFILL_MARIO REF_0_2025 (Golinucci et al. 2025, Apache 2.0); z sum over origin regions"
SI,2025,Full electric car,intensity_electricity,8.780076e-07,TJ/vkm,"FULFILL_MARIO REF_0_2025 (Golinucci et al. 2025, Apache 2.0); z sum over origin regions"
SI,2025,Hydrogen car,intensity_hydrogen,1.190485e-05,t/vkm,"FULFILL_MARIO REF_0_2025 (Golinucci et al. 2025, Apache 2.0); z sum over origin regions"
SI,2025,LPG car,intensity_lpg,4.464402e-05,t/vkm,"FULFILL_MARIO REF_0_2025 (Golinucci et al. 2025, Apache 2.0); z sum over origin regions"
SI,2025,Methane car,intensity_gas,4.443476e-05,t/vkm,"FULFILL_MARIO REF_0_2025 (Golinucci et al. 2025, Apache 2.0); z sum over origin regions"
SK,2025,Diesel and gasoline car,intensity_liquid,4.675036e-05,t/vkm,"FULFILL_MARIO REF_0_2025 (Golinucci et al. 2025, Apache 2.0); z sum over origin regions"
SK,2025,Full electric car,intensity_electricity,8.780076e-07,TJ/vkm,"FULFILL_MARIO REF_0_2025 (Golinucci et al. 2025, Apache 2.0); z sum over origin regions"
SK,2025,Hydrogen car,intensity_hydrogen,1.190485e-05,t/vkm,"FULFILL_MARIO REF_0_2025 (Golinucci et al. 2025, Apache 2.0); z sum over origin regions"
SK,2025,LPG car,intensity_lpg,4.464402e-05,t/vkm,"FULFILL_MARIO REF_0_2025 (Golinucci et al. 2025, Apache 2.0); z sum over origin regions"
SK,2025,Methane car,intensity_gas,4.443476e-05,t/vkm,"FULFILL_MARIO REF_0_2025 (Golinucci et al. 2025, Apache 2.0); z sum over origin regions"
AT,2025,Diesel and gasoline car,market_share,0.920358,share of vkm,"FULFILL_MARIO REF_0_2025 (Golinucci et al. 2025, Apache 2.0); supply share into Car mobility"
AT,2025,LPG car,market_share,0.005525,share of vkm,"FULFILL_MARIO REF_0_2025 (Golinucci et al. 2025, Apache 2.0); supply share into Car mobility"
AT,2025,Methane car,market_share,0.000000,share of vkm,"FULFILL_MARIO REF_0_2025 (Golinucci et al. 2025, Apache 2.0); supply share into Car mobility"
AT,2025,Hydrogen car,market_share,0.000000,share of vkm,"FULFILL_MARIO REF_0_2025 (Golinucci et al. 2025, Apache 2.0); supply share into Car mobility"
AT,2025,Full electric car,market_share,0.074118,share of vkm,"FULFILL_MARIO REF_0_2025 (Golinucci et al. 2025, Apache 2.0); supply share into Car mobility"
BE,2025,Diesel and gasoline car,market_share,0.920358,share of vkm,"FULFILL_MARIO REF_0_2025 (Golinucci et al. 2025, Apache 2.0); supply share into Car mobility"
BE,2025,LPG car,market_share,0.005525,share of vkm,"FULFILL_MARIO REF_0_2025 (Golinucci et al. 2025, Apache 2.0); supply share into Car mobility"
BE,2025,Methane car,market_share,0.000000,share of vkm,"FULFILL_MARIO REF_0_2025 (Golinucci et al. 2025, Apache 2.0); supply share into Car mobility"
BE,2025,Hydrogen car,market_share,0.000000,share of vkm,"FULFILL_MARIO REF_0_2025 (Golinucci et al. 2025, Apache 2.0); supply share into Car mobility"
BE,2025,Full electric car,market_share,0.074118,share of vkm,"FULFILL_MARIO REF_0_2025 (Golinucci et al. 2025, Apache 2.0); supply share into Car mobility"
BG,2025,Diesel and gasoline car,market_share,0.935410,share of vkm,"FULFILL_MARIO REF_0_2025 (Golinucci et al. 2025, Apache 2.0); supply share into Car mobility"
BG,2025,LPG car,market_share,0.000000,share of vkm,"FULFILL_MARIO REF_0_2025 (Golinucci et al. 2025, Apache 2.0); supply share into Car mobility"
BG,2025,Methane car,market_share,0.000000,share of vkm,"FULFILL_MARIO REF_0_2025 (Golinucci et al. 2025, Apache 2.0); supply share into Car mobility"
BG,2025,Hydrogen car,market_share,0.000000,share of vkm,"FULFILL_MARIO REF_0_2025 (Golinucci et al. 2025, Apache 2.0); supply share into Car mobility"
BG,2025,Full electric car,market_share,0.064590,share of vkm,"FULFILL_MARIO REF_0_2025 (Golinucci et al. 2025, Apache 2.0); supply share into Car mobility"
HR,2025,Diesel and gasoline car,market_share,0.935410,share of vkm,"FULFILL_MARIO REF_0_2025 (Golinucci et al. 2025, Apache 2.0); supply share into Car mobility"
HR,2025,LPG car,market_share,0.000000,share of vkm,"FULFILL_MARIO REF_0_2025 (Golinucci et al. 2025, Apache 2.0); supply share into Car mobility"
HR,2025,Methane car,market_share,0.000000,share of vkm,"FULFILL_MARIO REF_0_2025 (Golinucci et al. 2025, Apache 2.0); supply share into Car mobility"
HR,2025,Hydrogen car,market_share,0.000000,share of vkm,"FULFILL_MARIO REF_0_2025 (Golinucci et al. 2025, Apache 2.0); supply share into Car mobility"
HR,2025,Full electric car,market_share,0.064590,share of vkm,"FULFILL_MARIO REF_0_2025 (Golinucci et al. 2025, Apache 2.0); supply share into Car mobility"
CY,2025,Diesel and gasoline car,market_share,0.950342,share of vkm,"FULFILL_MARIO REF_0_2025 (Golinucci et al. 2025, Apache 2.0); supply share into Car mobility"
CY,2025,LPG car,market_share,0.001715,share of vkm,"FULFILL_MARIO REF_0_2025 (Golinucci et al. 2025, Apache 2.0); supply share into Car mobility"
CY,2025,Methane car,market_share,0.000000,share of vkm,"FULFILL_MARIO REF_0_2025 (Golinucci et al. 2025, Apache 2.0); supply share into Car mobility"
CY,2025,Hydrogen car,market_share,0.000000,share of vkm,"FULFILL_MARIO REF_0_2025 (Golinucci et al. 2025, Apache 2.0); supply share into Car mobility"
CY,2025,Full electric car,market_share,0.047943,share of vkm,"FULFILL_MARIO REF_0_2025 (Golinucci et al. 2025, Apache 2.0); supply share into Car mobility"
CZ,2025,Diesel and gasoline car,market_share,0.935410,share of vkm,"FULFILL_MARIO REF_0_2025 (Golinucci et al. 2025, Apache 2.0); supply share into Car mobility"
CZ,2025,LPG car,market_share,0.000000,share of vkm,"FULFILL_MARIO REF_0_2025 (Golinucci et al. 2025, Apache 2.0); supply share into Car mobility"
CZ,2025,Methane car,market_share,0.000000,share of vkm,"FULFILL_MARIO REF_0_2025 (Golinucci et al. 2025, Apache 2.0); supply share into Car mobility"
CZ,2025,Hydrogen car,market_share,0.000000,share of vkm,"FULFILL_MARIO REF_0_2025 (Golinucci et al. 2025, Apache 2.0); supply share into Car mobility"
CZ,2025,Full electric car,market_share,0.064590,share of vkm,"FULFILL_MARIO REF_0_2025 (Golinucci et al. 2025, Apache 2.0); supply share into Car mobility"
DK,2025,Diesel and gasoline car,market_share,0.898316,share of vkm,"FULFILL_MARIO REF_0_2025 (Golinucci et al. 2025, Apache 2.0); supply share into Car mobility"
DK,2025,LPG car,market_share,0.000000,share of vkm,"FULFILL_MARIO REF_0_2025 (Golinucci et al. 2025, Apache 2.0); supply share into Car mobility"
DK,2025,Methane car,market_share,0.000055,share of vkm,"FULFILL_MARIO REF_0_2025 (Golinucci et al. 2025, Apache 2.0); supply share into Car mobility"
DK,2025,Hydrogen car,market_share,0.000000,share of vkm,"FULFILL_MARIO REF_0_2025 (Golinucci et al. 2025, Apache 2.0); supply share into Car mobility"
DK,2025,Full electric car,market_share,0.101628,share of vkm,"FULFILL_MARIO REF_0_2025 (Golinucci et al. 2025, Apache 2.0); supply share into Car mobility"
EE,2025,Diesel and gasoline car,market_share,0.948715,share of vkm,"FULFILL_MARIO REF_0_2025 (Golinucci et al. 2025, Apache 2.0); supply share into Car mobility"
EE,2025,LPG car,market_share,0.001712,share of vkm,"FULFILL_MARIO REF_0_2025 (Golinucci et al. 2025, Apache 2.0); supply share into Car mobility"
EE,2025,Methane car,market_share,0.001712,share of vkm,"FULFILL_MARIO REF_0_2025 (Golinucci et al. 2025, Apache 2.0); supply share into Car mobility"
EE,2025,Hydrogen car,market_share,0.000000,share of vkm,"FULFILL_MARIO REF_0_2025 (Golinucci et al. 2025, Apache 2.0); supply share into Car mobility"
EE,2025,Full electric car,market_share,0.047861,share of vkm,"FULFILL_MARIO REF_0_2025 (Golinucci et al. 2025, Apache 2.0); supply share into Car mobility"
FI,2025,Diesel and gasoline car,market_share,0.920358,share of vkm,"FULFILL_MARIO REF_0_2025 (Golinucci et al. 2025, Apache 2.0); supply share into Car mobility"
FI,2025,LPG car,market_share,0.005525,share of vkm,"FULFILL_MARIO REF_0_2025 (Golinucci et al. 2025, Apache 2.0); supply share into Car mobility"
FI,2025,Methane car,market_share,0.000000,share of vkm,"FULFILL_MARIO REF_0_2025 (Golinucci et al. 2025, Apache 2.0); supply share into Car mobility"
FI,2025,Hydrogen car,market_share,0.000000,share of vkm,"FULFILL_MARIO REF_0_2025 (Golinucci et al. 2025, Apache 2.0); supply share into Car mobility"
FI,2025,Full electric car,market_share,0.074118,share of vkm,"FULFILL_MARIO REF_0_2025 (Golinucci et al. 2025, Apache 2.0); supply share into Car mobility"
FR,2025,Diesel and gasoline car,market_share,0.948715,share of vkm,"FULFILL_MARIO REF_0_2025 (Golinucci et al. 2025, Apache 2.0); supply share into Car mobility"
FR,2025,LPG car,market_share,0.001712,share of vkm,"FULFILL_MARIO REF_0_2025 (Golinucci et al. 2025, Apache 2.0); supply share into Car mobility"
FR,2025,Methane car,market_share,0.001712,share of vkm,"FULFILL_MARIO REF_0_2025 (Golinucci et al. 2025, Apache 2.0); supply share into Car mobility"
FR,2025,Hydrogen car,market_share,0.000000,share of vkm,"FULFILL_MARIO REF_0_2025 (Golinucci et al. 2025, Apache 2.0); supply share into Car mobility"
FR,2025,Full electric car,market_share,0.047861,share of vkm,"FULFILL_MARIO REF_0_2025 (Golinucci et al. 2025, Apache 2.0); supply share into Car mobility"
DE,2025,Diesel and gasoline car,market_share,0.920358,share of vkm,"FULFILL_MARIO REF_0_2025 (Golinucci et al. 2025, Apache 2.0); supply share into Car mobility"
DE,2025,LPG car,market_share,0.005525,share of vkm,"FULFILL_MARIO REF_0_2025 (Golinucci et al. 2025, Apache 2.0); supply share into Car mobility"
DE,2025,Methane car,market_share,0.000000,share of vkm,"FULFILL_MARIO REF_0_2025 (Golinucci et al. 2025, Apache 2.0); supply share into Car mobility"
DE,2025,Hydrogen car,market_share,0.000000,share of vkm,"FULFILL_MARIO REF_0_2025 (Golinucci et al. 2025, Apache 2.0); supply share into Car mobility"
DE,2025,Full electric car,market_share,0.074118,share of vkm,"FULFILL_MARIO REF_0_2025 (Golinucci et al. 2025, Apache 2.0); supply share into Car mobility"
GR,2025,Diesel and gasoline car,market_share,0.935410,share of vkm,"FULFILL_MARIO REF_0_2025 (Golinucci et al. 2025, Apache 2.0); supply share into Car mobility"
GR,2025,LPG car,market_share,0.000000,share of vkm,"FULFILL_MARIO REF_0_2025 (Golinucci et al. 2025, Apache 2.0); supply share into Car mobility"
GR,2025,Methane car,market_share,0.000000,share of vkm,"FULFILL_MARIO REF_0_2025 (Golinucci et al. 2025, Apache 2.0); supply share into Car mobility"
GR,2025,Hydrogen car,market_share,0.000000,share of vkm,"FULFILL_MARIO REF_0_2025 (Golinucci et al. 2025, Apache 2.0); supply share into Car mobility"
GR,2025,Full electric car,market_share,0.064590,share of vkm,"FULFILL_MARIO REF_0_2025 (Golinucci et al. 2025, Apache 2.0); supply share into Car mobility"
HU,2025,Diesel and gasoline car,market_share,0.948715,share of vkm,"FULFILL_MARIO REF_0_2025 (Golinucci et al. 2025, Apache 2.0); supply share into Car mobility"
HU,2025,LPG car,market_share,0.001712,share of vkm,"FULFILL_MARIO REF_0_2025 (Golinucci et al. 2025, Apache 2.0); supply share into Car mobility"
HU,2025,Methane car,market_share,0.001712,share of vkm,"FULFILL_MARIO REF_0_2025 (Golinucci et al. 2025, Apache 2.0); supply share into Car mobility"
HU,2025,Hydrogen car,market_share,0.000000,share of vkm,"FULFILL_MARIO REF_0_2025 (Golinucci et al. 2025, Apache 2.0); supply share into Car mobility"
HU,2025,Full electric car,market_share,0.047861,share of vkm,"FULFILL_MARIO REF_0_2025 (Golinucci et al. 2025, Apache 2.0); supply share into Car mobility"
IE,2025,Diesel and gasoline car,market_share,0.948715,share of vkm,"FULFILL_MARIO REF_0_2025 (Golinucci et al. 2025, Apache 2.0); supply share into Car mobility"
IE,2025,LPG car,market_share,0.001712,share of vkm,"FULFILL_MARIO REF_0_2025 (Golinucci et al. 2025, Apache 2.0); supply share into Car mobility"
IE,2025,Methane car,market_share,0.001712,share of vkm,"FULFILL_MARIO REF_0_2025 (Golinucci et al. 2025, Apache 2.0); supply share into Car mobility"
IE,2025,Hydrogen car,market_share,0.000000,share of vkm,"FULFILL_MARIO REF_0_2025 (Golinucci et al. 2025, Apache 2.0); supply share into Car mobility"
IE,2025,Full electric car,market_share,0.047861,share of vkm,"FULFILL_MARIO REF_0_2025 (Golinucci et al. 2025, Apache 2.0); supply share into Car mobility"
IT,2025,Diesel and gasoline car,market_share,0.861759,share of vkm,"FULFILL_MARIO REF_0_2025 (Golinucci et al. 2025, Apache 2.0); supply share into Car mobility"
IT,2025,LPG car,market_share,0.076243,share of vkm,"FULFILL_MARIO REF_0_2025 (Golinucci et al. 2025, Apache 2.0); supply share into Car mobility"
IT,2025,Methane car,market_share,0.042357,share of vkm,"FULFILL_MARIO REF_0_2025 (Golinucci et al. 2025, Apache 2.0); supply share into Car mobility"
IT,2025,Hydrogen car,market_share,0.000000,share of vkm,"FULFILL_MARIO REF_0_2025 (Golinucci et al. 2025, Apache 2.0); supply share into Car mobility"
IT,2025,Full electric car,market_share,0.019641,share of vkm,"FULFILL_MARIO REF_0_2025 (Golinucci et al. 2025, Apache 2.0); supply share into Car mobility"
LV,2025,Diesel and gasoline car,market_share,0.935410,share of vkm,"FULFILL_MARIO REF_0_2025 (Golinucci et al. 2025, Apache 2.0); supply share into Car mobility"
LV,2025,LPG car,market_share,0.000000,share of vkm,"FULFILL_MARIO REF_0_2025 (Golinucci et al. 2025, Apache 2.0); supply share into Car mobility"
LV,2025,Methane car,market_share,0.000000,share of vkm,"FULFILL_MARIO REF_0_2025 (Golinucci et al. 2025, Apache 2.0); supply share into Car mobility"
LV,2025,Hydrogen car,market_share,0.000000,share of vkm,"FULFILL_MARIO REF_0_2025 (Golinucci et al. 2025, Apache 2.0); supply share into Car mobility"
LV,2025,Full electric car,market_share,0.064590,share of vkm,"FULFILL_MARIO REF_0_2025 (Golinucci et al. 2025, Apache 2.0); supply share into Car mobility"
LT,2025,Diesel and gasoline car,market_share,0.935410,share of vkm,"FULFILL_MARIO REF_0_2025 (Golinucci et al. 2025, Apache 2.0); supply share into Car mobility"
LT,2025,LPG car,market_share,0.000000,share of vkm,"FULFILL_MARIO REF_0_2025 (Golinucci et al. 2025, Apache 2.0); supply share into Car mobility"
LT,2025,Methane car,market_share,0.000000,share of vkm,"FULFILL_MARIO REF_0_2025 (Golinucci et al. 2025, Apache 2.0); supply share into Car mobility"
LT,2025,Hydrogen car,market_share,0.000000,share of vkm,"FULFILL_MARIO REF_0_2025 (Golinucci et al. 2025, Apache 2.0); supply share into Car mobility"
LT,2025,Full electric car,market_share,0.064590,share of vkm,"FULFILL_MARIO REF_0_2025 (Golinucci et al. 2025, Apache 2.0); supply share into Car mobility"
LU,2025,Diesel and gasoline car,market_share,0.898316,share of vkm,"FULFILL_MARIO REF_0_2025 (Golinucci et al. 2025, Apache 2.0); supply share into Car mobility"
LU,2025,LPG car,market_share,0.000000,share of vkm,"FULFILL_MARIO REF_0_2025 (Golinucci et al. 2025, Apache 2.0); supply share into Car mobility"
LU,2025,Methane car,market_share,0.000055,share of vkm,"FULFILL_MARIO REF_0_2025 (Golinucci et al. 2025, Apache 2.0); supply share into Car mobility"
LU,2025,Hydrogen car,market_share,0.000000,share of vkm,"FULFILL_MARIO REF_0_2025 (Golinucci et al. 2025, Apache 2.0); supply share into Car mobility"
LU,2025,Full electric car,market_share,0.101628,share of vkm,"FULFILL_MARIO REF_0_2025 (Golinucci et al. 2025, Apache 2.0); supply share into Car mobility"
MT,2025,Diesel and gasoline car,market_share,0.950342,share of vkm,"FULFILL_MARIO REF_0_2025 (Golinucci et al. 2025, Apache 2.0); supply share into Car mobility"
MT,2025,LPG car,market_share,0.001715,share of vkm,"FULFILL_MARIO REF_0_2025 (Golinucci et al. 2025, Apache 2.0); supply share into Car mobility"
MT,2025,Methane car,market_share,0.000000,share of vkm,"FULFILL_MARIO REF_0_2025 (Golinucci et al. 2025, Apache 2.0); supply share into Car mobility"
MT,2025,Hydrogen car,market_share,0.000000,share of vkm,"FULFILL_MARIO REF_0_2025 (Golinucci et al. 2025, Apache 2.0); supply share into Car mobility"
MT,2025,Full electric car,market_share,0.047943,share of vkm,"FULFILL_MARIO REF_0_2025 (Golinucci et al. 2025, Apache 2.0); supply share into Car mobility"
NL,2025,Diesel and gasoline car,market_share,0.920358,share of vkm,"FULFILL_MARIO REF_0_2025 (Golinucci et al. 2025, Apache 2.0); supply share into Car mobility"
NL,2025,LPG car,market_share,0.005525,share of vkm,"FULFILL_MARIO REF_0_2025 (Golinucci et al. 2025, Apache 2.0); supply share into Car mobility"
NL,2025,Methane car,market_share,0.000000,share of vkm,"FULFILL_MARIO REF_0_2025 (Golinucci et al. 2025, Apache 2.0); supply share into Car mobility"
NL,2025,Hydrogen car,market_share,0.000000,share of vkm,"FULFILL_MARIO REF_0_2025 (Golinucci et al. 2025, Apache 2.0); supply share into Car mobility"
NL,2025,Full electric car,market_share,0.074118,share of vkm,"FULFILL_MARIO REF_0_2025 (Golinucci et al. 2025, Apache 2.0); supply share into Car mobility"
PL,2025,Diesel and gasoline car,market_share,0.861759,share of vkm,"FULFILL_MARIO REF_0_2025 (Golinucci et al. 2025, Apache 2.0); supply share into Car mobility"
PL,2025,LPG car,market_share,0.076243,share of vkm,"FULFILL_MARIO REF_0_2025 (Golinucci et al. 2025, Apache 2.0); supply share into Car mobility"
PL,2025,Methane car,market_share,0.042357,share of vkm,"FULFILL_MARIO REF_0_2025 (Golinucci et al. 2025, Apache 2.0); supply share into Car mobility"
PL,2025,Hydrogen car,market_share,0.000000,share of vkm,"FULFILL_MARIO REF_0_2025 (Golinucci et al. 2025, Apache 2.0); supply share into Car mobility"
PL,2025,Full electric car,market_share,0.019641,share of vkm,"FULFILL_MARIO REF_0_2025 (Golinucci et al. 2025, Apache 2.0); supply share into Car mobility"
PT,2025,Diesel and gasoline car,market_share,0.948715,share of vkm,"FULFILL_MARIO REF_0_2025 (Golinucci et al. 2025, Apache 2.0); supply share into Car mobility"
PT,2025,LPG car,market_share,0.001712,share of vkm,"FULFILL_MARIO REF_0_2025 (Golinucci et al. 2025, Apache 2.0); supply share into Car mobility"
PT,2025,Methane car,market_share,0.001712,share of vkm,"FULFILL_MARIO REF_0_2025 (Golinucci et al. 2025, Apache 2.0); supply share into Car mobility"
PT,2025,Hydrogen car,market_share,0.000000,share of vkm,"FULFILL_MARIO REF_0_2025 (Golinucci et al. 2025, Apache 2.0); supply share into Car mobility"
PT,2025,Full electric car,market_share,0.047861,share of vkm,"FULFILL_MARIO REF_0_2025 (Golinucci et al. 2025, Apache 2.0); supply share into Car mobility"
RO,2025,Diesel and gasoline car,market_share,0.935410,share of vkm,"FULFILL_MARIO REF_0_2025 (Golinucci et al. 2025, Apache 2.0); supply share into Car mobility"
RO,2025,LPG car,market_share,0.000000,share of vkm,"FULFILL_MARIO REF_0_2025 (Golinucci et al. 2025, Apache 2.0); supply share into Car mobility"
RO,2025,Methane car,market_share,0.000000,share of vkm,"FULFILL_MARIO REF_0_2025 (Golinucci et al. 2025, Apache 2.0); supply share into Car mobility"
RO,2025,Hydrogen car,market_share,0.000000,share of vkm,"FULFILL_MARIO REF_0_2025 (Golinucci et al. 2025, Apache 2.0); supply share into Car mobility"
RO,2025,Full electric car,market_share,0.064590,share of vkm,"FULFILL_MARIO REF_0_2025 (Golinucci et al. 2025, Apache 2.0); supply share into Car mobility"
SK,2025,Diesel and gasoline car,market_share,0.948715,share of vkm,"FULFILL_MARIO REF_0_2025 (Golinucci et al. 2025, Apache 2.0); supply share into Car mobility"
SK,2025,LPG car,market_share,0.001712,share of vkm,"FULFILL_MARIO REF_0_2025 (Golinucci et al. 2025, Apache 2.0); supply share into Car mobility"
SK,2025,Methane car,market_share,0.001712,share of vkm,"FULFILL_MARIO REF_0_2025 (Golinucci et al. 2025, Apache 2.0); supply share into Car mobility"
SK,2025,Hydrogen car,market_share,0.000000,share of vkm,"FULFILL_MARIO REF_0_2025 (Golinucci et al. 2025, Apache 2.0); supply share into Car mobility"
SK,2025,Full electric car,market_share,0.047861,share of vkm,"FULFILL_MARIO REF_0_2025 (Golinucci et al. 2025, Apache 2.0); supply share into Car mobility"
SI,2025,Diesel and gasoline car,market_share,0.948715,share of vkm,"FULFILL_MARIO REF_0_2025 (Golinucci et al. 2025, Apache 2.0); supply share into Car mobility"
SI,2025,LPG car,market_share,0.001712,share of vkm,"FULFILL_MARIO REF_0_2025 (Golinucci et al. 2025, Apache 2.0); supply share into Car mobility"
SI,2025,Methane car,market_share,0.001712,share of vkm,"FULFILL_MARIO REF_0_2025 (Golinucci et al. 2025, Apache 2.0); supply share into Car mobility"
SI,2025,Hydrogen car,market_share,0.000000,share of vkm,"FULFILL_MARIO REF_0_2025 (Golinucci et al. 2025, Apache 2.0); supply share into Car mobility"
SI,2025,Full electric car,market_share,0.047861,share of vkm,"FULFILL_MARIO REF_0_2025 (Golinucci et al. 2025, Apache 2.0); supply share into Car mobility"
ES,2025,Diesel and gasoline car,market_share,0.948715,share of vkm,"FULFILL_MARIO REF_0_2025 (Golinucci et al. 2025, Apache 2.0); supply share into Car mobility"
ES,2025,LPG car,market_share,0.001712,share of vkm,"FULFILL_MARIO REF_0_2025 (Golinucci et al. 2025, Apache 2.0); supply share into Car mobility"
ES,2025,Methane car,market_share,0.001712,share of vkm,"FULFILL_MARIO REF_0_2025 (Golinucci et al. 2025, Apache 2.0); supply share into Car mobility"
ES,2025,Hydrogen car,market_share,0.000000,share of vkm,"FULFILL_MARIO REF_0_2025 (Golinucci et al. 2025, Apache 2.0); supply share into Car mobility"
ES,2025,Full electric car,market_share,0.047861,share of vkm,"FULFILL_MARIO REF_0_2025 (Golinucci et al. 2025, Apache 2.0); supply share into Car mobility"
SE,2025,Diesel and gasoline car,market_share,0.898316,share of vkm,"FULFILL_MARIO REF_0_2025 (Golinucci et al. 2025, Apache 2.0); supply share into Car mobility"
SE,2025,LPG car,market_share,0.000000,share of vkm,"FULFILL_MARIO REF_0_2025 (Golinucci et al. 2025, Apache 2.0); supply share into Car mobility"
SE,2025,Methane car,market_share,0.000055,share of vkm,"FULFILL_MARIO REF_0_2025 (Golinucci et al. 2025, Apache 2.0); supply share into Car mobility"
SE,2025,Hydrogen car,market_share,0.000000,share of vkm,"FULFILL_MARIO REF_0_2025 (Golinucci et al. 2025, Apache 2.0); supply share into Car mobility"
SE,2025,Full electric car,market_share,0.101628,share of vkm,"FULFILL_MARIO REF_0_2025 (Golinucci et al. 2025, Apache 2.0); supply share into Car mobility"
